id,01,02,03
6kz1taXvsG,22.689350007076918,,
Sh7L4gkEAd,39.970425325766776,,
tsVXEZlHdH,22.721483077502466,,
CrGcS2Jxjk,-39.41635650276244,-26.788116859080553,-41.214493722222365
oDesIHOtzG,-31.06444711207278,-27.897937039729523,-30.731195400548575
VcNWrgWq57,11.866220055437672,12.068128195398423,-1.7098841518441077
S1O3spzq8N,-36.85044076663236,-38.45675072329843,-0.009542918019056046
FE9SblTIXb,-30.30794093614441,,
IVwtFZaVnp,21.34283173426372,18.797210951521638,0.07584378267380032
EDXaXY9Jyl,30.63834482298892,50.27045584857808,27.272368839886262
5gVa2fr39q,,19.073909764699454,0.2907584426121588
IaSY5IRrMp,38.69543530410299,,
5CTWa8oH11,11.66664438310309,11.954780690616737,-1.5656640236962662
Nmf6sCDsph,33.94542532593721,33.29636569381995,42.0956545496999
UsjQ4q4s0g,11.599769956911096,11.889995978179769,-1.7066447662715198
bunAqeTteZ,11.698213202898513,11.938906497894395,-1.7194848959740874
9wZ2sWORvS,11.808698355121706,11.941092736086883,-1.9338615081879311
G3ck3OhPQl,-30.370059444251932,-27.368357169879328,-30.08876095486323
dO0aDicvQI,7.286804121776596,6.2936817111069345,14.724150861808564
AruFwEgiyu,7.036465381392658,6.010827312557765,15.485060358365336
EX0dZZp5tz,-30.913353028694548,-27.474480461405964,-30.782506610407882
Tzc15e03To,30.04279190052496,49.47266198120971,26.86555054406995
J2O96kna0t,6.788138915738456,5.915598965142019,14.381253093697039
c0O69H7knQ,6.360106410238172,37.12966229248631,3.7408799614858363
5cdlbFsdVu,29.750024285111504,50.06668581331788,27.076381158123585
wDrp3fYTha,6.676061237693295,5.966384010122324,14.831502286149997
Rhs6J8k8nP,30.956928914572337,49.67506659063309,27.152130975581592
g9TnU0s9Ro,39.15561458251503,,
4jGAabJ3D3,30.760934094766668,50.57482499086272,27.42152897076004
u7iIv3SXgF,-35.751117776059765,-38.29046523028786,0.2414219936802553
0qOJdg9h0g,-31.02203345647337,-28.084809900385235,-30.83083968797112
F9jxCW0WBA,21.64108927465757,18.604015725357552,0.14257731972122656
aF7GrbspGH,21.869562164242186,,
QXBrHkHOnE,22.601439355635634,,
E4AwZUwQW0,32.80606669798496,32.355282500000996,40.438401262305675
TElpXXZW1V,21.303816019974455,18.760492823947295,0.13822611275857
7kAbtjHWGr,-29.746977803330775,-26.753937965634247,-29.25378980847883
85lVksfyVj,21.701290123126633,19.471940493082847,0.2680191281262039
UloIOl3o9Q,-32.752226186236236,-30.01131371134018,-32.35601133424972
A30rU696Cg,21.66419743686207,19.774004579262794,0.22152558333992323
TBkeuunXfr,29.9595509747425,49.57249901501265,26.713527722133804
wCD1UriUL2,39.00855958473197,,
AoaKIaSqgM,32.073040003317644,52.16662166142928,29.16711525880786
q2uv5E5V9W,21.451554318510055,18.97113434109918,0.3166250000008548
yZuIKj6xIQ,34.23467841263216,33.41953423053314,42.2147639782525
IHtWqdCaly,27.63859563975835,22.194877765640683,0.2896427847597849
My1LuwddHQ,21.912418229466383,19.392227508737427,0.17818567844814837
SGQTOxvkXV,-30.933142873386462,,
lTgKozKlPe,12.047118510672277,12.234542084077436,-1.481874116827866
crLCDMlzkL,6.677789450036263,5.920306524085849,14.689159451007379
y48PMzw7nK,6.5172856346207695,35.715995722072535,4.193808228161874
yE4YZIIJZo,,,
IYopAGx0bH,-30.345838081870642,-27.061039244298655,-30.101028556129787
CJWJsvwHC9,38.994304466504445,,
oDRL41dxPn,-31.35017105258692,-28.60788055487588,-30.831749976195642
D4xmLAauoK,-30.529684488395397,,
3AmePzSvsj,22.1353393650078,19.57620407492617,0.3269259915883893
cRM3x1HLeQ,23.243634666043903,20.16292549680012,0.3841330525406761
87gfA9VRBQ,25.972802189109718,,
vSiYfQ0aS1,-36.46192600442937,-38.66763716639182,-0.015481040595262563
j452vNdLGX,21.294970086029007,19.079657637526942,0.13960067362491202
B5tqOThufT,37.15803634104839,,
JYTfesXlWn,-37.937155034273374,-40.15707484038329,-0.014016172449764497
1wAdvl7fPX,32.30298849990726,31.648338407901747,40.6742719892368
BVCHJhq6DI,6.730370954480012,35.09500174454873,4.163855935864966
i61sd8h4ND,-36.219816199510895,-38.90046048279559,-0.4733369931828548
ycqxHZs3SU,6.158316447082367,5.369604077203266,14.799773950895466
Odomr674dB,-31.463436356908424,,
ROhKkP80Bj,-30.572035138459572,,
SetpUhT6GP,25.323645141179476,,
FqV2Q9fuZQ,33.329367624902076,32.6753730551663,41.86356887436476
X60qdRLWEV,6.988798083046394,35.32640554989037,4.429015633454963
tki545UGkk,21.884410925869798,,
VnC8Hlb0fG,29.526591967175637,49.495672737889166,26.667197821324425
ldrhqwvLZg,39.00968763135934,,
XzWYsDGvOf,-37.39688851956523,-40.03974237677536,-0.09179519265992298
fG1mzLTV2S,-35.86590859820633,-38.429223105116684,-0.23074177411508856
qj1SdirXb6,39.27323906721264,,
SamkC5Mj2V,22.172640274016498,,
lX4rLDEdT5,22.29189808164723,19.61396537170095,0.20731514890830827
Cv3cWdLpze,21.584845723253643,19.236260366710674,0.20823457188593508
441e1se3EB,7.443559827480689,6.577626451288942,15.086710835990727
0XmHOpKzyT,-30.749397573357896,,
iYGnHOLE8M,39.64268093333689,,
sPDI3oS7o5,-31.29503151568398,,
Pbq3TQQpZw,39.15892162457724,,
8w78g3yGqI,33.0692866786151,32.24325944718278,41.42178220308972
4wIqbUxjAd,11.739529928882092,12.19355509081268,-1.60551434606427
fZ1Uy95q4A,21.639917907477795,18.678216423811854,0.19731009951338052
rvU4Kc6sIQ,21.81512783537178,,
DEnBEUMcWK,33.66157320858096,33.05016747775572,42.556163650022214
3qVUXZM0bG,6.86354056033,34.456166483082555,4.000240066399278
0Q10cdoyKc,23.28383085072649,,
lVNHeVILER,33.48870792022346,32.896455078201996,41.6714298195725
aCa3TGyEFv,11.421927134141557,12.262897184751266,-1.5946933528271696
NEYXCAYoPE,21.07105773514069,18.761745790648668,0.13831654649237635
Jcg85BNFPe,21.268407105683565,18.838023340538616,0.16773199627683333
o21aOyTuqI,-30.40531704070637,-27.098924999991574,-29.923777576863316
3G70aATXYG,29.62687009260047,49.667765198121955,26.390541318026628
2mJSWuvxtd,21.689311033171293,19.367793317951048,0.25711189935556167
szCzOHHGUj,7.286939367055577,6.171379284368835,14.301261285309144
k77nOIAera,-36.42107255761059,-38.786479603526345,-0.22867762628412303
YIIgRILPAl,29.532935587812048,49.5576200574917,26.34663148960027
LEsHctSwsj,23.26379287466756,,
IJ49P3bJP5,34.63145116228834,33.91927186641972,43.31857977913188
kj35F4pFhn,-32.63604030795663,,
lROPOmoHnO,21.930249714482365,19.404072154995568,0.23355372744066472
kVdQ363XAe,21.601140685236928,19.013800427689105,0.2179385459235732
QRXqpT50v1,38.982304925121994,,
2Bf3z83WGB,6.797531400331929,35.19358580004697,4.2168530151319725
Q9NBmodNXx,-29.94971985761083,-26.87279120452002,-29.657545337403427
rfeAceSqsW,28.750424549645416,46.52983939181713,25.14599828994787
DJ4OvEBBLC,39.98549191027324,,
r5FPkanANU,-36.41294250863479,-38.16093173046211,-0.0120422532449318
gRBF1RNIaT,-34.52119991125453,,
n1WVCSRmvH,-36.54788010997994,-38.9005330155026,-0.3233118645927835
56DV4n9JcQ,23.593964000986155,,
xoqo4sRntZ,29.3576435297838,49.727373825195066,26.283026485765873
ZJ8t5bZi9t,6.941324738108353,6.045942457113963,14.235404769866552
FtTLyOJsi2,-36.07327801083713,-33.18038931863812,-35.690720371699335
dINOGBzAmV,6.773521489731173,35.01104521070032,4.319373673365233
N8HDs4V3GI,33.243574835180446,32.485876087524886,41.11015323598363
6Cobdn5cGi,22.144001328996985,18.855677763241907,-0.065748124999363
HnlOtIqI1t,39.311352222885844,,
nGZv0zk7j6,22.231975985617254,,
Q9QJVVGeNs,30.410728430966433,50.111386129074745,26.765705959976255
HInV81Wo5I,29.726585653674462,50.26070761574081,26.115753005956854
vfERi0wyTa,22.53666362941236,19.86467250184542,0.11751252955724922
8r0EHWduoT,39.25819581640447,,
O5pMKZmgyw,-30.95314293643525,-28.055966472659463,-30.68967540965778
SFPpJmBFJC,30.937407919885597,49.68826635474587,27.210339485367488
skE0GYfK2L,22.99890932404206,20.225660258502295,0.17948807314061366
VlNAL6cjQx,-30.11090940475578,-27.899242329074205,-30.22235977847768
2VsCTdKS5y,7.153954595930536,6.29352047752171,14.255691364381853
nEpirK8DCD,38.99058637001552,,
6WY774ERFh,-36.58028255279315,-39.10154797211548,-0.09545568006887173
zztX7GkRSk,-30.40519533432185,,
xRyuggfVMN,24.06401205060969,,
lW6yNi4855,-31.145680540497498,-28.106273041231923,-30.82104265385543
JbCNt4Agst,22.856833113419015,19.540184422104243,0.3897828428626653
pOQDJRfGVl,-31.228639425706426,-27.41426148162619,-30.671178743489715
WAuwdjgnUg,-30.16713274704208,,
QjE4FrYARi,-30.62597066382254,-27.226514215535573,-30.142895891070015
fZp6lawdPt,6.2525519973871155,5.406877472153788,14.201637306617162
iZyB6j8ULQ,22.72657802546704,19.996938696092894,0.25464579983855673
BW61GKIudO,33.95016919013945,33.24606220888475,42.05887970862725
5K0tdyKHhJ,14.038327503525274,12.690534067632427,-1.3648383593743232
GeQCU5dbtI,38.95267439594055,,
O8FvCPhdqQ,33.293948557714046,32.72707320853032,41.792930423271066
r3URJ8YGMv,29.961696454039686,49.607100354306965,26.659427082732268
Csg05fqlhZ,30.827018203485203,50.77720327340716,27.415575646277496
Ds7yOWyCYq,11.178888639322373,11.637895681251042,-2.1415565400982697
BoAsW7GmIY,-30.550847064513746,,
6vubtrKmzo,33.808052445231525,33.22512925018425,42.681950267558776
LrgvFLi6u8,22.280793782553783,,
DBATeDlsis,22.12586630986993,19.586637817308134,0.31821578911957005
ucrQvyr5jV,33.62021657231983,33.26475599559549,41.71560542418377
VjShod9Hvt,-38.20135272252756,-40.96735562823227,-0.7315647697956553
jtbGtvP16f,33.33112306779204,32.43041405472063,41.064368795951886
nRqYhRCBrk,11.786550282306528,12.047704969806682,-2.2001070431201963
3Iy7UAkfvO,6.789578231851813,34.71730382002421,4.831222158718422
OnspchwVos,-29.716833309376206,,
6sGAlmf1ZH,21.575239972105265,19.075021745321173,0.2092062311523062
gYr8Lsa4U7,-30.604366327637855,,
N1dMoAqWTu,34.29718615447425,33.52230307217465,42.637211331326085
fctFPEdTKv,39.302671174270344,,
E3ijP3bss5,7.037500466447298,35.35349056063525,4.297545804629916
7bK4YhtyCI,-36.05794684117198,-38.36570858371114,-0.31221644482084354
YXfl5uiGip,-30.547178230948376,,
l0Qmeliv4F,6.625020654153926,5.866438363273406,14.928698401423244
jOPuwHPUnR,30.341412763891356,50.034517010887576,27.38963659048523
2w5ivjLmwh,-35.93517195716346,-37.81877797927833,-0.012619677717836453
cYetPdNs41,30.457815220421352,50.14002453378956,27.319275018268357
WquoC2sGga,31.727756692538662,53.32520389680832,28.715274943826415
YCfFYlxyl1,7.1662251750083446,38.241140645549144,3.9903314006214825
8ZRltT81Sy,33.32948368455371,32.80430016773963,41.58094473969015
YjZSwA6WP8,12.382560964441694,12.636636817862087,-1.4041628010897185
0txYwLo1ZM,39.099485554026465,,
oVbvmzdpV0,22.00609117577868,,
356x0Pw1Cr,32.68651978753793,31.956872977540144,41.1813555023596
svSIZWvCYS,6.314650840741706,35.09805581464797,3.8033319632325746
o60OFaepO4,39.18210145740442,,
vij1bwcSUx,39.88157699380881,,
e2LMUtcx4V,7.2735128679665895,6.52996618903879,15.182461049348769
U0NWvrj8Yk,-37.076257568923694,-39.459684517564526,-0.0444637798749028
x19U2B4em4,-30.224035036085084,,
AVQxkDBpsN,-30.352649897827852,,
5BTbeeGpow,21.155838477380087,19.12946269196971,0.3524922105257886
ifgb3shm9L,28.356275517447987,48.88021765120059,24.92123567196934
vdgQwRRowV,31.815828251933333,50.96845022340755,28.199457024536663
PZAkHhKLAw,20.660179857799648,,
YzTIYZQDGL,32.84142127184731,32.18106594100413,41.14080098806543
jYsPr1NmR2,33.40862329353993,53.859076871987426,29.648753127469487
JmJpUVK8Qx,6.418626533420035,34.505683388309016,4.922267485432744
1cNS4pJkqh,7.208525686493907,35.111634764466,4.178978866601547
pzH6cvWyO7,11.646023948907693,11.669359587908172,-1.7494860512817372
a6JgdN12Me,-29.38440032094975,,
1FiWgfEX7Q,20.64150126810779,18.000434912704474,0.21478082022206735
IWp0yrPcaF,-36.934719772369306,-39.25074489079519,-0.27370829182763146
2rWyaOtm4H,21.846127234243284,19.374303582927595,0.19199444612361383
EgdCzvONeu,23.27070885983607,,
z6Voi277Ke,21.437573952644705,19.269999931782532,0.24298411406524423
Jb9uzfzLuw,39.22707920503787,,
sWzq96auch,-30.939782183365352,-28.72440136107938,-30.741317864876464
W5NW2jhDKO,-37.86314136965386,-40.1495456813711,-0.23238129391164364
egeoeVZh2B,30.795931545503883,50.6779284581579,27.356260900413837
dqoF3tcwlA,-31.42928033333671,,
RysLlp82xt,29.59016572950196,49.48066756456673,26.494858566006922
iqK4V1LtDT,30.895970766977907,50.49327484108497,27.756178119602435
LZUK9ySNyA,6.351543377107239,5.913252461810503,13.863750488878827
9mE37SmLhi,-37.034010939533204,-39.20141412436921,-0.07196489078732204
p1cj884Bhu,-35.920147348500535,-38.57976934581299,-0.16149822303370698
P8ndsKjYPH,23.575314764009256,,
pcOOTZnOY1,33.990325861978725,33.44952791727606,42.83279942126657
unXyjtEozH,-36.63300395595591,-38.94413808787193,0.04363377592275142
kX2lzq7HYD,-38.58649737426328,-40.54758953917537,-0.4733492602532974
aWSC2ronRq,-31.295056302883125,-27.575809913680047,-31.011014293004536
kvD7uYbPBB,30.71237700845515,50.59611365410069,27.798287290390007
hxfkeAlVdf,7.514730685543802,36.585123390244775,4.490748681333516
6JpMNtNNYq,6.599505384177751,35.31530236176461,3.7877411710437903
I9WGFY1Ajp,40.280282206036624,,
AC0EOLEeV9,-31.91959139948945,-28.688920079844266,-31.37669683041524
MfgHWCvGOE,-31.608404413260427,-28.387978882832297,-31.33661804186746
5Vi8HmWuky,-36.75453638379334,-38.85102487299604,-0.06720473192936183
VVFAJRFNFf,7.174125064303174,6.060098737689112,14.638598144194901
gY6NzedA7z,11.637985325009893,12.044882842791987,-1.4698588154841004
foI5c5Uz4F,21.536231928077456,18.915992058284047,0.25140007526884833
7jUAW8acXm,-30.370126050736136,,
HSclPzWlpL,-30.63950077920314,,
swAnPSwHRg,22.215277221544888,,
853jxrfaGl,34.31696950247351,33.88179659962154,42.984752900461274
O6jzrjGcBS,-30.635458561401236,,
w7ZqoTcLfY,39.630668496063585,,
hweJF5Jvcg,22.558926324860984,,
np3MRd21GU,11.89893771109267,12.288376200711904,-1.940471001008511
HWM7iLjxYW,22.5164946977243,,
nA8y2DsQny,6.388762103895861,5.560392419433699,14.227016625808375
XLGs9ydYuP,-31.387267706977084,,
AqRpXN86uL,7.086754244995946,6.2318670532895855,14.495206978369895
avbcqmI1Wj,13.451017418248057,13.759540243550349,-1.0030271986774135
zJSWaxQaHO,38.1334076216758,,
xNcyUa0P1N,12.255575648480406,12.464631822089688,-2.080290838770763
kig0xHFhUl,11.860399863602382,12.054562983566477,-1.7481053801388775
rG5yytwRFf,15.435470096950569,15.648424389595752,-0.425602677213353
50Z47RkTTv,6.303873103494701,5.524206728632842,13.948875746738524
3miNg4mJNU,-37.50577614378655,-39.654602907453516,-0.32801536796764785
lyuuwxDly3,12.000805539096087,12.304204894868354,-1.276663693685963
zRq8uaU3ia,30.35028959798819,50.501713235912874,27.315071994685628
dGSiQxSPMn,10.942199296798947,11.362588647929876,-2.1214709087557804
zQ91Ce4yeG,21.12886030901229,18.831589752630958,0.1709419313807068
