id,flag,01,02,03
lAHhlOB8AJ,2,39.3822,NA,NA
QyoZPZDqX9,4,30.2132,49.8275,27.0755
A3fOTpzXhn,4,30.2132,49.8275,27.0755
x4dxiDE8cM,4,30.2132,49.8275,27.0755
OS4mDwBWiL,4,6.6664,35.2506,4.1819
SlrrMF50tr,4,33.877,33.2408,42.1308
oR0xf63wHw,4,30.2132,49.8275,27.0755
x7G0buhif5,4,33.877,33.2408,42.1308
9q8s3WO8cn,4,-29.6867,-26.7863,-29.2983
JffuKvi0rC,4,-29.6867,-26.7863,-29.2983
eXeLq7hMTc,4,11.4208,11.6978,-1.6536
wigOIN44P2,2,-30.6713,NA,NA
WVKKlg8Uux,4,-29.6867,-26.7863,-29.2983
WaN9fL2LFY,4,-36.8738,-39.185,-0.0818
vG5EkjHPXc,2,-30.6713,NA,NA
dLcvtDXGl4,4,21.5363,19.1871,0.2407
N6kTQWZcgP,2,22.0981,NA,NA
G5H86agEHC,2,22.0981,NA,NA
1gi2XEDwV6,4,11.4208,11.6978,-1.6536
7PHNUigVIQ,2,-30.6713,NA,NA
sCLIDcFbu5,2,39.3822,NA,NA
QNIqI9RUR0,4,6.901,6.0024,14.2067
DOPgw1Lhbf,2,-30.6713,NA,NA
8z6R3NS5XD,2,22.0981,NA,NA
7TjstU0Poj,4,6.6664,35.2506,4.1819
2ysZID1gy0,2,39.3822,NA,NA
9Izz1MdRKQ,4,-36.8738,-39.185,-0.0818
ziJC4B3FBF,2,39.3822,NA,NA
sgHGL1ADJo,4,30.2132,49.8275,27.0755
4ka5q9Wi7d,4,-36.8738,-39.185,-0.0818
zdAIm2MHpK,4,-36.8738,-39.185,-0.0818
IrtbRkea9d,4,30.2132,49.8275,27.0755
7E7TkdsIGv,2,39.3822,NA,NA
orK9VsZPM3,2,22.0981,NA,NA
iFGUFbfa5z,4,6.901,6.0024,14.2067
vPOJgW7MvK,4,21.5363,19.1871,0.2407
yOC7qmrDpd,4,21.5363,19.1871,0.2407
UEtHA7AZot,2,39.3822,NA,NA
abfpPqFnN6,2,22.0981,NA,NA
kE7lVSMXsj,4,-29.6867,-26.7863,-29.2983
ACjlb20gaq,4,6.6664,35.2506,4.1819
zr9qGlW1pB,4,11.4208,11.6978,-1.6536
Y5LT4ombb7,4,-29.6867,-26.7863,-29.2983
9kZV8OgSF5,4,11.4208,11.6978,-1.6536
et5MoHoggC,2,39.3822,NA,NA
ByLy3XDrgL,4,11.4208,11.6978,-1.6536
qNB7Xsp7EW,2,-30.6713,NA,NA
jVapHGp7vE,4,11.4208,11.6978,-1.6536
dCYBpuC9qk,4,-29.6867,-26.7863,-29.2983
S4fAF8XXcp,4,-36.8738,-39.185,-0.0818
PFux7X8sYn,2,39.3822,NA,NA
uR6uT65Kby,4,30.2132,49.8275,27.0755
GiJxlucHZ1,4,-29.6867,-26.7863,-29.2983
yfUkAupip8,4,6.6664,35.2506,4.1819
oL4hUGtrmm,2,22.0981,NA,NA
MoB8Z8PPVW,4,-36.8738,-39.185,-0.0818
DRqmyVzZq6,4,6.6664,35.2506,4.1819
mPp3N51x9z,2,-30.6713,NA,NA
juAlYl1o0A,2,39.3822,NA,NA
zDq3XGMUMP,4,30.2132,49.8275,27.0755
qxLCh4VII8,4,-36.8738,-39.185,-0.0818
rdZIuTGrUv,2,39.3822,NA,NA
gTsgdcCeFO,4,21.5363,19.1871,0.2407
nFvVZpsj92,4,21.5363,19.1871,0.2407
E8hQpTzdxM,4,33.877,33.2408,42.1308
v23BCnSPAD,2,-30.6713,NA,NA
MlfSZWSdqg,4,30.2132,49.8275,27.0755
VdkY3hn6y3,2,39.3822,NA,NA
jCAAIiFAqb,4,30.2132,49.8275,27.0755
yEZ7KQaA4A,4,6.901,6.0024,14.2067
0miniMyoig,4,6.6664,35.2506,4.1819
jeZNJt4TdF,4,33.877,33.2408,42.1308
KSTWXbWPYy,4,-36.8738,-39.185,-0.0818
0vfzjQYvo4,4,-36.8738,-39.185,-0.0818
GA4KUp5PVJ,4,-36.8738,-39.185,-0.0818
91EqkHpSkC,4,30.2132,49.8275,27.0755
ZsODJKy3MM,2,-30.6713,NA,NA
9uUug2sMCB,4,11.4208,11.6978,-1.6536
FhZBRuaP4S,2,39.3822,NA,NA
RX7GPgMSrs,2,22.0981,NA,NA
cDy0AbH437,2,-30.6713,NA,NA
Umg8elsb03,4,21.5363,19.1871,0.2407
YONlcNUU6W,4,21.5363,19.1871,0.2407
Z1nhs95Rfg,4,6.6664,35.2506,4.1819
dwc6rzJ2bM,2,-30.6713,NA,NA
TDhJAenNWT,4,6.6664,35.2506,4.1819
MV7IQ4uHAO,4,30.2132,49.8275,27.0755
mdggps1hyn,4,6.6664,35.2506,4.1819
dRb27ovktA,4,21.5363,19.1871,0.2407
fwFHRK9Hjd,2,-30.6713,NA,NA
0G9iZFqhtK,4,21.5363,19.1871,0.2407
gAzqLW3DG8,4,-29.6867,-26.7863,-29.2983
5zYpL1zh7z,4,6.6664,35.2506,4.1819
6ou1kfWyA8,4,-29.6867,-26.7863,-29.2983
bKY0gCQn3U,4,-36.8738,-39.185,-0.0818
IjU5pG1qIv,4,21.5363,19.1871,0.2407
v0mSbu2PqN,2,-30.6713,NA,NA
RJRTMv0KXC,4,11.4208,11.6978,-1.6536
cf5W2EzHVK,4,33.877,33.2408,42.1308
FWludocOUM,2,39.3822,NA,NA
jzJrkrWa5I,2,39.3822,NA,NA
MH9Hk5mTlO,4,11.4208,11.6978,-1.6536
bFqkuZX9KB,4,30.2132,49.8275,27.0755
b5xcEoAjqk,4,6.901,6.0024,14.2067
oGw8FPvwnR,4,11.4208,11.6978,-1.6536
fv9M5brd3v,4,6.901,6.0024,14.2067
uJcQ8XlJiG,4,6.901,6.0024,14.2067
4BcbzrwSjV,4,-36.8738,-39.185,-0.0818
itFiibQBe3,2,-30.6713,NA,NA
XEubSdmxik,4,33.877,33.2408,42.1308
Iv24VvbOIi,4,33.877,33.2408,42.1308
7gPBRjaBce,4,-36.8738,-39.185,-0.0818
MZC4J7jz4p,4,11.4208,11.6978,-1.6536
3EnD7xANH3,2,39.3822,NA,NA
PR2gSJHwCg,4,30.2132,49.8275,27.0755
s4FkVjbhYt,4,11.4208,11.6978,-1.6536
EP6qGTFehT,4,33.877,33.2408,42.1308
xmTk6kPjY0,2,-30.6713,NA,NA
eeZg7aVrCz,4,11.4208,11.6978,-1.6536
N2kGdEWqIq,2,22.0981,NA,NA
x2TdFozB0c,4,30.2132,49.8275,27.0755
EHe0HLDRfN,4,6.6664,35.2506,4.1819
ljOFoprFWs,4,21.5363,19.1871,0.2407
5tQjctIJKA,4,30.2132,49.8275,27.0755
4z9KhgWqn1,4,21.5363,19.1871,0.2407
LkXpe5lGSe,4,11.4208,11.6978,-1.6536
1m9tqL5bDB,2,39.3822,NA,NA
3R2KXrnJv5,4,-36.8738,-39.185,-0.0818
LuM1Ot6fHj,4,30.2132,49.8275,27.0755
eQajLCL5hb,4,30.2132,49.8275,27.0755
CwhZ6ElQiq,4,-36.8738,-39.185,-0.0818
x5GkES0Kob,2,22.0981,NA,NA
UiLquFX4yE,2,-30.6713,NA,NA
BmmKrbl9L1,4,6.6664,35.2506,4.1819
CRQKBvGJyY,4,11.4208,11.6978,-1.6536
kdq2l2ck6U,4,11.4208,11.6978,-1.6536
IYktOeQfSA,4,30.2132,49.8275,27.0755
K8Qcycj8dR,4,6.6664,35.2506,4.1819
W95FYaZ1ON,4,6.6664,35.2506,4.1819
0CfYnDl6LQ,4,11.4208,11.6978,-1.6536
bqFqRPqmsw,4,21.5363,19.1871,0.2407
6rMfKsPqa4,4,33.877,33.2408,42.1308
GHFt1whQmR,4,30.2132,49.8275,27.0755
EkVSK7u78R,4,33.877,33.2408,42.1308
hgYTSJi03t,4,6.6664,35.2506,4.1819
8mcRNJGCcw,4,6.901,6.0024,14.2067
WrJFClKCj4,4,-29.6867,-26.7863,-29.2983
tv4khECpvJ,4,-36.8738,-39.185,-0.0818
hLzo8sCLqe,4,21.5363,19.1871,0.2407
wq3YEou1Eq,4,6.901,6.0024,14.2067
lnaviXdEcJ,4,33.877,33.2408,42.1308
b9loxqnK0Z,2,39.3822,NA,NA
8zZ9Lyvjb7,2,39.3822,NA,NA
UKHUzj9Hl5,4,6.6664,35.2506,4.1819
r8lu7ACKbW,4,-36.8738,-39.185,-0.0818
Xxrlc3n574,2,-30.6713,NA,NA
ITmpwvIS0d,4,11.4208,11.6978,-1.6536
b6MMcnRxRv,4,30.2132,49.8275,27.0755
s637FQVLla,2,22.0981,NA,NA
dPsbzXJthY,4,30.2132,49.8275,27.0755
ZfAZaHqTpj,4,30.2132,49.8275,27.0755
O31hvKKIrM,4,-36.8738,-39.185,-0.0818
5IKSOTRAr6,2,22.0981,NA,NA
RHVxlKzitN,4,6.901,6.0024,14.2067
cytAeANclL,4,-29.6867,-26.7863,-29.2983
5E6pQeVpQH,2,39.3822,NA,NA
4TDHa8kleH,2,39.3822,NA,NA
b89prVEDZm,4,21.5363,19.1871,0.2407
GefZ7lKCAA,4,-36.8738,-39.185,-0.0818
RigDUowiGM,4,30.2132,49.8275,27.0755
RYQCq51KKD,4,6.6664,35.2506,4.1819
5OS8UGHqlV,4,33.877,33.2408,42.1308
j9BkhJCvuR,4,-29.6867,-26.7863,-29.2983
iC8d63Lrxq,4,30.2132,49.8275,27.0755
dMadADFrti,2,-30.6713,NA,NA
gYjXlKxYAY,4,33.877,33.2408,42.1308
bCrj6T01x8,4,30.2132,49.8275,27.0755
NW7x6FWryb,2,22.0981,NA,NA
DPkUhGSbea,4,30.2132,49.8275,27.0755
9MztRqyL8l,4,-36.8738,-39.185,-0.0818
UpgTPQWUh9,4,-36.8738,-39.185,-0.0818
up8R9h6oVU,2,22.0981,NA,NA
D1H2i21zzK,2,-30.6713,NA,NA
RmhisUL23w,4,-36.8738,-39.185,-0.0818
hfPQX1Dy5l,4,-36.8738,-39.185,-0.0818
klqlz5CdDe,4,6.901,6.0024,14.2067
0rZ2YPe3AX,2,39.3822,NA,NA
Og5ZbLw5tG,2,39.3822,NA,NA
c37MqatleV,4,-36.8738,-39.185,-0.0818
twOxKTj9Ag,4,-36.8738,-39.185,-0.0818
479UFppJYp,2,22.0981,NA,NA
z00ulVh0Ys,4,-36.8738,-39.185,-0.0818
S1VNtKMNDV,2,-30.6713,NA,NA
8D8PN5c8Mv,2,39.3822,NA,NA
KsGmT8nv9m,4,30.2132,49.8275,27.0755
VMJpEfIeTE,4,6.901,6.0024,14.2067
9WbzoPC710,4,33.877,33.2408,42.1308
R8l4St26AQ,2,-30.6713,NA,NA
TvBRlNCfWA,4,11.4208,11.6978,-1.6536
3jnjAaeLb9,2,39.3822,NA,NA
6fXzs8kjab,4,6.901,6.0024,14.2067
u0lM7VegSz,2,39.3822,NA,NA
MlqCo6ou51,4,30.2132,49.8275,27.0755
Q2EoEyv6gF,4,21.5363,19.1871,0.2407
WHn9koMb4n,2,39.3822,NA,NA
7gNX3toTif,4,6.6664,35.2506,4.1819
17qd9BHpqz,2,22.0981,NA,NA
4KSL1Zld48,4,6.901,6.0024,14.2067
TcjWFOZLRN,4,-36.8738,-39.185,-0.0818
8mejPg1D0H,4,21.5363,19.1871,0.2407
OViho3D6mJ,2,22.0981,NA,NA
9SLT1SIp9o,4,33.877,33.2408,42.1308
OdGQb6rkQJ,4,6.6664,35.2506,4.1819
1j1pe6BqKR,2,22.0981,NA,NA
mOeddy2ZXT,2,22.0981,NA,NA
j1Ix4v6mT7,2,39.3822,NA,NA
9w77i4qfzv,2,22.0981,NA,NA
hes119m4PG,2,22.0981,NA,NA
Us1Tk1BF3Q,4,11.4208,11.6978,-1.6536
HhaYAppRkh,4,33.877,33.2408,42.1308
90YdoaD9JD,4,-29.6867,-26.7863,-29.2983
NVjOv4GKXU,4,6.6664,35.2506,4.1819
1s4tO0u3i5,4,6.6664,35.2506,4.1819
YFWaJsEWT8,2,22.0981,NA,NA
CkREcULZ5P,2,39.3822,NA,NA
Co4KwaWPAU,4,6.6664,35.2506,4.1819
WfR98X8SJ8,4,6.901,6.0024,14.2067
hGXICBgsvO,2,39.3822,NA,NA
kQEaOqj3Ry,4,-36.8738,-39.185,-0.0818
mn2F5HWXSu,2,22.0981,NA,NA
QOtjKgbtI5,4,-29.6867,-26.7863,-29.2983
2xQ1rCl9JW,4,-36.8738,-39.185,-0.0818
hjNOtiNOPg,4,30.2132,49.8275,27.0755
b35Sm4mtaP,2,22.0981,NA,NA
muf1AkcgRn,2,39.3822,NA,NA
OwoBOaltsF,2,-30.6713,NA,NA
wMThYlua7T,4,6.901,6.0024,14.2067
pyO7z2h1NB,4,6.901,6.0024,14.2067
H8wE5sQ5Nw,4,21.5363,19.1871,0.2407
VxU3eDslwQ,4,-36.8738,-39.185,-0.0818
MtS9M4klST,4,6.901,6.0024,14.2067
EDN8Wz5laL,2,22.0981,NA,NA
bzUHrgDbBc,4,33.877,33.2408,42.1308
Xe1idv2urb,4,6.901,6.0024,14.2067
YUVVZawRoF,4,-29.6867,-26.7863,-29.2983
aiSOjIFCgR,4,6.901,6.0024,14.2067
ebq0pAfibC,2,39.3822,NA,NA
RfwjQ07kFl,4,6.6664,35.2506,4.1819
6mPOjAmlqy,4,-29.6867,-26.7863,-29.2983
yhTNALxKdE,4,11.4208,11.6978,-1.6536
4hIqOOrWgR,4,33.877,33.2408,42.1308
COtopsYkp5,2,22.0981,NA,NA
VOFWgwHLgi,4,21.5363,19.1871,0.2407
hyNKEc2UhN,4,-29.6867,-26.7863,-29.2983
TbQD57mEU8,4,-36.8738,-39.185,-0.0818
AMnnulaVSs,2,22.0981,NA,NA
PzhJHLfL2k,2,-30.6713,NA,NA
dJyfMvkudR,4,11.4208,11.6978,-1.6536
S3RlvKPFh8,4,6.901,6.0024,14.2067
2wRAvQc6MN,2,-30.6713,NA,NA
dMMklFA4W2,2,-30.6713,NA,NA
AuMRbsv1h9,4,6.6664,35.2506,4.1819
yQbsHQQZ10,2,-30.6713,NA,NA
hbhAdQtDmw,4,33.877,33.2408,42.1308
0xMvgPCQhn,4,21.5363,19.1871,0.2407
LTi9U96CVr,2,39.3822,NA,NA
T4kveXFpDF,2,-30.6713,NA,NA
XCzdtNQovg,2,39.3822,NA,NA
Pd5VTqkEqr,2,-30.6713,NA,NA
2nASGspWEv,4,-29.6867,-26.7863,-29.2983
y3KgrV8T91,4,11.4208,11.6978,-1.6536
LhTgSa1q8z,4,6.6664,35.2506,4.1819
0kLMniBOAa,2,39.3822,NA,NA
NEOJJfxStt,4,-36.8738,-39.185,-0.0818
Q9UuyMIjVK,4,33.877,33.2408,42.1308
yJrNLZr5yw,4,30.2132,49.8275,27.0755
oSF33HjPv0,4,21.5363,19.1871,0.2407
ybW4077dvF,4,6.901,6.0024,14.2067
GSLjfo8Urz,2,22.0981,NA,NA
HOJ1iLgb7a,4,-36.8738,-39.185,-0.0818
O7zRZHYGsy,2,-30.6713,NA,NA
Mx45QoYYFr,4,6.6664,35.2506,4.1819
fmXmo5eocI,4,33.877,33.2408,42.1308
FT0Ov8y43w,4,-36.8738,-39.185,-0.0818
FQe6gtXUrk,2,39.3822,NA,NA
gqYiZKXlZZ,4,11.4208,11.6978,-1.6536
q5H6J8xbTt,4,21.5363,19.1871,0.2407
RCoQeR5Ckt,4,-36.8738,-39.185,-0.0818
PUEP2qSZjQ,4,21.5363,19.1871,0.2407
LVAOdr0Lrz,4,11.4208,11.6978,-1.6536
lJrBRq6u3q,2,39.3822,NA,NA
Scv5YBKdIh,2,-30.6713,NA,NA
kO6Pm4RIz5,4,11.4208,11.6978,-1.6536
ESqYiFA939,4,11.4208,11.6978,-1.6536
LDSMXoM2In,2,39.3822,NA,NA
nasHgq5mrL,4,-29.6867,-26.7863,-29.2983
KGTaxw6wHl,2,-30.6713,NA,NA
yqI5f16CYm,4,21.5363,19.1871,0.2407
6NTXNnBfmU,2,22.0981,NA,NA
4QtA6abuEJ,2,22.0981,NA,NA
m7Hld66SuE,4,21.5363,19.1871,0.2407
eB9ak8vcoO,4,6.901,6.0024,14.2067
mLgNQL9QKu,4,21.5363,19.1871,0.2407
Nl8T53oQNd,4,30.2132,49.8275,27.0755
kxRQvoFOY6,4,6.901,6.0024,14.2067
ZKrwr2pnCW,4,33.877,33.2408,42.1308
xAjwiZJiiD,4,11.4208,11.6978,-1.6536
qDye3eWT2p,2,39.3822,NA,NA
LIlLA03Zch,2,-30.6713,NA,NA
tjgq5eO9nx,2,22.0981,NA,NA
OTFLgKj2wD,2,-30.6713,NA,NA
wwTz9nkwAz,4,-36.8738,-39.185,-0.0818
xoqzdj08sx,4,6.901,6.0024,14.2067
v3GRlodI58,2,-30.6713,NA,NA
3aXOP0aXWB,4,33.877,33.2408,42.1308
5Grf9EOufi,2,39.3822,NA,NA
E3tnQwB84g,2,-30.6713,NA,NA
nVn14y9TRp,4,6.901,6.0024,14.2067
G6vs2jaQGW,4,-36.8738,-39.185,-0.0818
KYNm8wybWk,4,6.6664,35.2506,4.1819
gc0GWDPX1l,4,33.877,33.2408,42.1308
P1nY7fULK9,2,39.3822,NA,NA
1e2cUwcCtw,4,30.2132,49.8275,27.0755
5UMbSvFJFE,4,33.877,33.2408,42.1308
4UeFhbpWxN,4,21.5363,19.1871,0.2407
9eUBUGnSlD,2,39.3822,NA,NA
6gjP04q3at,4,33.877,33.2408,42.1308
bD4s3h4PBb,4,21.5363,19.1871,0.2407
kD67gJGX0x,4,33.877,33.2408,42.1308
aTn7uZHX69,4,33.877,33.2408,42.1308
LUTGj82inT,4,11.4208,11.6978,-1.6536
GamdJvAOFS,2,22.0981,NA,NA
uDbvVNI9yc,4,-29.6867,-26.7863,-29.2983
DlouCGvjUf,4,30.2132,49.8275,27.0755
87NOMUeSFu,4,33.877,33.2408,42.1308
KHSgzffbOa,2,22.0981,NA,NA
XKJxHKeNeO,4,6.6664,35.2506,4.1819
SoXMRBjP85,4,21.5363,19.1871,0.2407
kmKRR7ZMhl,4,21.5363,19.1871,0.2407
VbpR4665Wh,4,6.6664,35.2506,4.1819
CA7EnBskCt,4,11.4208,11.6978,-1.6536
S4wvLZHh07,4,-29.6867,-26.7863,-29.2983
8Qbq5RK7bw,4,6.6664,35.2506,4.1819
PtXq4etJy8,4,11.4208,11.6978,-1.6536
i8njvuQybj,2,22.0981,NA,NA
ux9dKwLK08,4,-36.8738,-39.185,-0.0818
PJ1og6B8T9,2,-30.6713,NA,NA
QSObBRYOAo,4,6.901,6.0024,14.2067
O6zgaql0r1,4,21.5363,19.1871,0.2407
3VQUOZZkfo,4,-36.8738,-39.185,-0.0818
GIIV7738Wy,2,39.3822,NA,NA
cJ922RTJSK,2,-30.6713,NA,NA
x7uVr8Z5z7,4,30.2132,49.8275,27.0755
Syx204w8Lr,4,33.877,33.2408,42.1308
Nvk4j5x9dB,4,-29.6867,-26.7863,-29.2983
3EcWZ8cH6v,4,21.5363,19.1871,0.2407
iJcsT3CNPU,4,6.901,6.0024,14.2067
MX0SxrH2kg,4,33.877,33.2408,42.1308
nf3kmh0HkT,4,21.5363,19.1871,0.2407
3n0K62L33l,4,21.5363,19.1871,0.2407
yn78AguA4J,4,-36.8738,-39.185,-0.0818
ibVOG7Rr0h,4,6.6664,35.2506,4.1819
Qv4v1pSuw6,2,-30.6713,NA,NA
hDY4yeIpCh,4,21.5363,19.1871,0.2407
WRrnf7QDvk,4,11.4208,11.6978,-1.6536
qD9uo71rri,4,30.2132,49.8275,27.0755
F7NCpvNGP1,2,39.3822,NA,NA
Nlk7WYK0tz,4,30.2132,49.8275,27.0755
unsUZ688jQ,4,-29.6867,-26.7863,-29.2983
DHPdnyK1C9,4,33.877,33.2408,42.1308
BuJtqKrk9o,4,11.4208,11.6978,-1.6536
qN8UERG4cq,4,-36.8738,-39.185,-0.0818
vIYqpheAa5,4,21.5363,19.1871,0.2407
17SWSeGrTd,4,6.6664,35.2506,4.1819
8lCLRKrDL2,4,21.5363,19.1871,0.2407
64OonM5aqt,4,6.6664,35.2506,4.1819
vdwHGyuynd,4,30.2132,49.8275,27.0755
Rl0vf4r13A,4,30.2132,49.8275,27.0755
9klDoyuq7B,4,30.2132,49.8275,27.0755
0Z8zG2oP3B,4,-29.6867,-26.7863,-29.2983
jEwR3yU2TH,4,6.6664,35.2506,4.1819
GJQ6z2VvN2,4,-29.6867,-26.7863,-29.2983
JqwfKSxzVV,4,21.5363,19.1871,0.2407
C7s8kQOVpZ,4,-36.8738,-39.185,-0.0818
1p8NV4N4qk,2,39.3822,NA,NA
WT2gYqYfAQ,4,11.4208,11.6978,-1.6536
wZKvn3lSw8,4,-36.8738,-39.185,-0.0818
AP4a0OA66A,4,-36.8738,-39.185,-0.0818
PFPDmMO3z5,4,30.2132,49.8275,27.0755
P97L1jTBBy,4,-29.6867,-26.7863,-29.2983
QLyVF64cZ0,4,6.901,6.0024,14.2067
BRCuPcTVyw,4,33.877,33.2408,42.1308
ttph5RorQP,2,39.3822,NA,NA
rU8GNgNgwS,4,6.901,6.0024,14.2067
gKXk9DGI42,2,22.0981,NA,NA
3upHnxZ0rA,4,6.901,6.0024,14.2067
cKimJHdr1G,4,30.2132,49.8275,27.0755
jx63yLfvJi,4,21.5363,19.1871,0.2407
6wlP8lEEO2,4,6.6664,35.2506,4.1819
64fCbhZNf2,4,-29.6867,-26.7863,-29.2983
WUBdxW04Jp,4,33.877,33.2408,42.1308
ACk5jmm7ka,4,33.877,33.2408,42.1308
XwyQaZUNvM,4,6.901,6.0024,14.2067
iGIsWiKEUR,4,6.6664,35.2506,4.1819
s5SDfoY3VP,4,30.2132,49.8275,27.0755
Cy3Fqzyetr,4,30.2132,49.8275,27.0755
YrxXjalTKg,4,11.4208,11.6978,-1.6536
Uf1q7bsjgB,4,30.2132,49.8275,27.0755
rVO8V9jGDv,4,30.2132,49.8275,27.0755
xa6G6kYWaV,2,22.0981,NA,NA
ZOmquaRT7a,2,-30.6713,NA,NA
qi2SCuz318,2,22.0981,NA,NA
QXdLqlH3d7,4,6.6664,35.2506,4.1819
1AmNfhLixA,4,-29.6867,-26.7863,-29.2983
oRoc9Ijd9W,4,6.901,6.0024,14.2067
QBpGJHorns,2,-30.6713,NA,NA
0Aos3ChJkO,4,33.877,33.2408,42.1308
OmUl8hrbsc,4,-36.8738,-39.185,-0.0818
jz1L0UgGNd,4,6.901,6.0024,14.2067
ZrQGss82ch,4,6.901,6.0024,14.2067
rhf3wVgVmI,4,6.6664,35.2506,4.1819
uu8AeUH9QH,2,39.3822,NA,NA
4PxMdPX4cq,4,6.901,6.0024,14.2067
HSRrZa0fnD,4,33.877,33.2408,42.1308
Iy7I6tqAVN,4,11.4208,11.6978,-1.6536
Uqh26INRhe,4,-36.8738,-39.185,-0.0818
4OzQmPRL3b,2,22.0981,NA,NA
85fnYQKptO,4,6.6664,35.2506,4.1819
GprXD1wg6Q,4,21.5363,19.1871,0.2407
e61QW3neDY,2,22.0981,NA,NA
MpPAeRTeSU,2,39.3822,NA,NA
MCRLelsZn1,4,21.5363,19.1871,0.2407
CpKkIZuffn,4,11.4208,11.6978,-1.6536
BKUmbh36k9,4,-36.8738,-39.185,-0.0818
KUGf4Ei979,4,30.2132,49.8275,27.0755
FFA3TLSCaT,2,22.0981,NA,NA
WdxsY0OIJs,2,39.3822,NA,NA
aqNae1X86s,2,22.0981,NA,NA
p6UpBxKdf2,4,6.901,6.0024,14.2067
BXHqKEGHEs,4,11.4208,11.6978,-1.6536
Zsib8BBq60,2,-30.6713,NA,NA
ZjaY7MgBY3,4,-29.6867,-26.7863,-29.2983
4mdZ2mA4Zu,4,33.877,33.2408,42.1308
JFWDkgpIzK,4,6.901,6.0024,14.2067
wYHk1GNdlg,4,-29.6867,-26.7863,-29.2983
663sCMF2mM,2,22.0981,NA,NA
iz1JuVSDUv,2,-30.6713,NA,NA
X7Nfvm6hZu,2,39.3822,NA,NA
UpHK3MHMcU,4,21.5363,19.1871,0.2407
zeOWEyvM42,2,39.3822,NA,NA
XzHEClgwz1,4,30.2132,49.8275,27.0755
mxwUVXZeOM,4,-36.8738,-39.185,-0.0818
pmhQnlIEYF,2,-30.6713,NA,NA
vaufWsbbTB,4,6.901,6.0024,14.2067
cgPl48IdZI,4,30.2132,49.8275,27.0755
KBR46cCZGy,4,11.4208,11.6978,-1.6536
jSbsBaSK5z,4,11.4208,11.6978,-1.6536
0JrLXCfbqO,4,30.2132,49.8275,27.0755
IEgr6pnwoI,4,-36.8738,-39.185,-0.0818
PYqY4dmIqd,4,6.901,6.0024,14.2067
9RR86FMcNV,4,-36.8738,-39.185,-0.0818
bfF1CwI1PF,4,30.2132,49.8275,27.0755
Dimn5CJLDf,4,6.6664,35.2506,4.1819
2uU1wPJi9S,4,33.877,33.2408,42.1308
Rgo2LRhuDe,4,6.6664,35.2506,4.1819
oeGnFPvuXj,4,-36.8738,-39.185,-0.0818
gQGyOv3dzE,4,30.2132,49.8275,27.0755
MRTldZxmzF,2,22.0981,NA,NA
ZcoVtBnq2B,4,11.4208,11.6978,-1.6536
oXLtcVCGyd,4,33.877,33.2408,42.1308
Nplds0yWtP,4,30.2132,49.8275,27.0755
LlRI46wh3U,4,6.901,6.0024,14.2067
gtX0RLQGqf,4,6.901,6.0024,14.2067
28uk5GYueI,4,-36.8738,-39.185,-0.0818
mASwnEieWC,4,6.6664,35.2506,4.1819
uBtiecGnn1,4,6.6664,35.2506,4.1819
LAOJehcBkG,2,22.0981,NA,NA
F15YnQVcX9,2,22.0981,NA,NA
FEHHxQsDu5,4,-29.6867,-26.7863,-29.2983
1yliT0LyKr,4,30.2132,49.8275,27.0755
VI9wxwfPE8,2,39.3822,NA,NA
SHCFtVn5BW,4,6.6664,35.2506,4.1819
evN6KihaYE,4,30.2132,49.8275,27.0755
WvbQM2wK3R,2,39.3822,NA,NA
jNJ29vCOgW,2,-30.6713,NA,NA
F88ltYTWlz,4,-29.6867,-26.7863,-29.2983
uurVRvYczT,4,-29.6867,-26.7863,-29.2983
Nyh0su9Okd,4,11.4208,11.6978,-1.6536
SDgiDA3LO1,4,-36.8738,-39.185,-0.0818
fmln0PHweP,4,33.877,33.2408,42.1308
NcKUgDwGMl,4,21.5363,19.1871,0.2407
yfFExIXE4J,4,30.2132,49.8275,27.0755
V5bNlY17Eu,2,22.0981,NA,NA
R9GqqmWe93,4,-29.6867,-26.7863,-29.2983
ugMmwrdRUT,2,22.0981,NA,NA
j7WZ8QOXoZ,4,6.901,6.0024,14.2067
pS1lNbHiwM,4,21.5363,19.1871,0.2407
PeTKip74cD,4,33.877,33.2408,42.1308
s5eQNuaAmC,4,-29.6867,-26.7863,-29.2983
q1mcNuUQDE,2,39.3822,NA,NA
C8dY1XHYuB,4,6.901,6.0024,14.2067
ZbRxP6N8bR,2,-30.6713,NA,NA
75i9KCfX2M,4,-29.6867,-26.7863,-29.2983
3bq0Wyg896,4,6.6664,35.2506,4.1819
eiSMlhwFBV,2,-30.6713,NA,NA
lJpD4DLA1t,4,6.901,6.0024,14.2067
jU3Lx4Lkyp,4,6.6664,35.2506,4.1819
xz6BVhdfMJ,4,33.877,33.2408,42.1308
wnhdiJl5L0,4,6.901,6.0024,14.2067
ZLLz6dGl1h,4,33.877,33.2408,42.1308
otAeuMp4au,4,11.4208,11.6978,-1.6536
4I9ooTzBVq,4,-29.6867,-26.7863,-29.2983
sTABthjiPh,4,11.4208,11.6978,-1.6536
5XakmzCAGa,4,11.4208,11.6978,-1.6536
9oEff9q3dC,2,-30.6713,NA,NA
huNLZ6CER5,4,-29.6867,-26.7863,-29.2983
aWzv98Fp32,4,21.5363,19.1871,0.2407
FKapH03QR9,2,-30.6713,NA,NA
6f5qXv3i57,4,11.4208,11.6978,-1.6536
0omV7Qit1N,4,11.4208,11.6978,-1.6536
4QYzOcYWRZ,4,11.4208,11.6978,-1.6536
MtP70hXlpS,2,39.3822,NA,NA
qQBo73JDv1,4,21.5363,19.1871,0.2407
nc7bTZ4oDN,4,21.5363,19.1871,0.2407
cQjDwQbdcM,4,6.901,6.0024,14.2067
dSPvR25KAp,4,30.2132,49.8275,27.0755
8kWpdcxfA0,4,33.877,33.2408,42.1308
ObArt7nypZ,4,6.6664,35.2506,4.1819
40vDQaEurf,4,6.901,6.0024,14.2067
0y4uFLxcnG,4,21.5363,19.1871,0.2407
O0tggmb9sq,4,33.877,33.2408,42.1308
DKAV7h9quw,2,39.3822,NA,NA
ViUF33nx2P,4,-36.8738,-39.185,-0.0818
IrOCw6k4Ha,4,-36.8738,-39.185,-0.0818
gLARmppzcU,4,-36.8738,-39.185,-0.0818
xdHlS4g1z6,2,22.0981,NA,NA
jWGvK0wCJd,4,11.4208,11.6978,-1.6536
btSmIoXcd6,2,39.3822,NA,NA
HfKSBwXTWZ,4,33.877,33.2408,42.1308
2rPPBYkRt7,4,-29.6867,-26.7863,-29.2983
lJ8gkTZVxI,4,21.5363,19.1871,0.2407
4of7tWEngF,4,-29.6867,-26.7863,-29.2983
tVrsBI2SfS,4,-36.8738,-39.185,-0.0818
NEn2OgnNpq,4,33.877,33.2408,42.1308
vczQkXopvr,4,21.5363,19.1871,0.2407
28e0bNxxD3,4,6.901,6.0024,14.2067
B9kPtnCBNO,2,-30.6713,NA,NA
1ehSTH6VQS,4,6.6664,35.2506,4.1819
uxSLuNl7Bq,4,6.901,6.0024,14.2067
kVItdYZfLu,4,-36.8738,-39.185,-0.0818
EGSaXppVfL,2,-30.6713,NA,NA
yWZpGX911U,2,39.3822,NA,NA
lvdHx78Z6M,2,22.0981,NA,NA
N0G3HGHQ31,2,22.0981,NA,NA
z74GxhxvQj,4,30.2132,49.8275,27.0755
wxRPOD4iWM,4,6.901,6.0024,14.2067
UgjGlUgbET,4,-29.6867,-26.7863,-29.2983
k3mcKYBoaL,4,30.2132,49.8275,27.0755
DCBv01IHVI,4,6.6664,35.2506,4.1819
FBLubRSyWe,4,6.6664,35.2506,4.1819
p8zfbVdJbv,4,-36.8738,-39.185,-0.0818
MVdEmjYEvm,4,30.2132,49.8275,27.0755
X7JXXaFml6,2,39.3822,NA,NA
J5CZ3CGb5b,4,-29.6867,-26.7863,-29.2983
Vym6tATiB7,4,6.6664,35.2506,4.1819
7jdHbRJybD,2,-30.6713,NA,NA
KKJ9BW63vz,2,-30.6713,NA,NA
qvgRMEuk1o,4,-29.6867,-26.7863,-29.2983
OjRp2QgUpF,2,22.0981,NA,NA
Mv7hwEhFKZ,4,11.4208,11.6978,-1.6536
EkzRH9XYNc,4,21.5363,19.1871,0.2407
auX8PVkgiH,4,6.901,6.0024,14.2067
qwXlMdA7ux,2,39.3822,NA,NA
UD9pP3Wl7i,4,6.901,6.0024,14.2067
5Gv75MgYQO,4,-29.6867,-26.7863,-29.2983
2YUedoH0e4,4,6.6664,35.2506,4.1819
sdL1o8qHRd,4,30.2132,49.8275,27.0755
yBLsWNiPaw,4,-29.6867,-26.7863,-29.2983
zWxrnk5PKR,2,39.3822,NA,NA
MfC46XCTJ0,4,-29.6867,-26.7863,-29.2983
gNZetf6Hl3,2,39.3822,NA,NA
4rUaMBd0mg,2,22.0981,NA,NA
AP9qCrVGsJ,2,39.3822,NA,NA
UppYTqakDh,4,-36.8738,-39.185,-0.0818
09TiNZvLpj,4,6.6664,35.2506,4.1819
9Ny25l1n67,2,-30.6713,NA,NA
scuuUnZmRN,4,-29.6867,-26.7863,-29.2983
ibRXMjAtAv,4,-36.8738,-39.185,-0.0818
tVO3lI8306,4,6.6664,35.2506,4.1819
diXpRiKmhH,2,22.0981,NA,NA
12k6t2gVXz,4,6.901,6.0024,14.2067
BV5vaOkGw0,4,6.6664,35.2506,4.1819
RL1JUBkRxm,2,-30.6713,NA,NA
c0JLZwiZYy,2,22.0981,NA,NA
AN5Tw7ekzU,2,22.0981,NA,NA
Av2IVXQBLK,4,21.5363,19.1871,0.2407
wr2jgy5mf2,4,33.877,33.2408,42.1308
tRoSSWnzvs,4,6.901,6.0024,14.2067
ifIQWUUVZ5,2,22.0981,NA,NA
14UuGqEmhy,4,30.2132,49.8275,27.0755
scAWtsAelM,4,-36.8738,-39.185,-0.0818
vWbnDWuCSU,4,-36.8738,-39.185,-0.0818
uKNhcXkCKk,2,-30.6713,NA,NA
jLa5rDGF22,4,-36.8738,-39.185,-0.0818
wLiDaRRQ8l,4,-36.8738,-39.185,-0.0818
SO0tub1xR1,4,6.6664,35.2506,4.1819
5XbtoLXlDr,4,11.4208,11.6978,-1.6536
1X8p74uADT,4,30.2132,49.8275,27.0755
KCn4l05Iyr,4,30.2132,49.8275,27.0755
LxtnAshAwc,2,39.3822,NA,NA
hTNv72MR9j,4,-36.8738,-39.185,-0.0818
wWPPmQSdEk,2,-30.6713,NA,NA
MogASKARWK,4,30.2132,49.8275,27.0755
HCMmgt9ATd,2,-30.6713,NA,NA
y8knU7sl3e,2,22.0981,NA,NA
VjMxm4jjqe,2,-30.6713,NA,NA
LzuCgn0x6c,4,6.901,6.0024,14.2067
GjbgjCwiI5,4,21.5363,19.1871,0.2407
Yd27vh6rez,4,21.5363,19.1871,0.2407
3oADzpFNf3,2,22.0981,NA,NA
VeC1srT1Dc,2,22.0981,NA,NA
D0Wp5fvZ2y,4,11.4208,11.6978,-1.6536
oXtE3uOsNl,4,-36.8738,-39.185,-0.0818
ScG5PSbqvX,4,11.4208,11.6978,-1.6536
N3SPIPHW8w,4,11.4208,11.6978,-1.6536
Kn9Pq57c0Q,4,6.901,6.0024,14.2067
N6C9YdfPHb,4,11.4208,11.6978,-1.6536
phL1WRZTVz,4,-36.8738,-39.185,-0.0818
YCiqhIntpF,4,11.4208,11.6978,-1.6536
XvlyRkWWsV,4,-36.8738,-39.185,-0.0818
Urhn6VlQKB,2,39.3822,NA,NA
lteqVw9Bop,4,-29.6867,-26.7863,-29.2983
YocKbqyhfs,4,11.4208,11.6978,-1.6536
4KOm19MrPt,4,6.6664,35.2506,4.1819
AsHP5jhGYz,4,21.5363,19.1871,0.2407
eFOHGL4QZy,4,-36.8738,-39.185,-0.0818
xwRpusyHXt,4,-29.6867,-26.7863,-29.2983
aPMb2XuIrC,4,33.877,33.2408,42.1308
kcXF5Ue0OA,2,-30.6713,NA,NA
zf9RBfyRGG,4,11.4208,11.6978,-1.6536
VJPRDiNZRc,4,21.5363,19.1871,0.2407
JH4XZeaxP8,2,39.3822,NA,NA
etmb95gUML,4,21.5363,19.1871,0.2407
YSpYFzIqYb,2,-30.6713,NA,NA
x17zaSRHeZ,2,39.3822,NA,NA
HoQWvTLjHp,4,6.6664,35.2506,4.1819
DZITKULjs4,4,11.4208,11.6978,-1.6536
B040ut0cxz,4,6.901,6.0024,14.2067
TgVwzXjVH0,4,11.4208,11.6978,-1.6536
aVIMuHCx8Y,4,6.901,6.0024,14.2067
AXqIeYmTBm,4,-36.8738,-39.185,-0.0818
f5fWP5rkVj,2,39.3822,NA,NA
W3BLyPk3zn,2,-30.6713,NA,NA
XmlY8R7l0K,2,-30.6713,NA,NA
sh3XqY2He9,2,22.0981,NA,NA
OpeFOUqupX,2,22.0981,NA,NA
sIP6KyggEw,2,22.0981,NA,NA
xBE9oY8UzM,2,39.3822,NA,NA
WSLUHzStfX,2,-30.6713,NA,NA
2bEJVGoeWw,4,6.6664,35.2506,4.1819
OppOo1TY82,4,33.877,33.2408,42.1308
TrxNnHhHRn,4,6.6664,35.2506,4.1819
LLqbNu2Vw5,4,6.901,6.0024,14.2067
yv8DbqT46o,4,-36.8738,-39.185,-0.0818
Dxa5vX8c8K,4,21.5363,19.1871,0.2407
jUHAYGs26c,2,39.3822,NA,NA
7XHWvCUkLJ,4,11.4208,11.6978,-1.6536
fCyIBZ506I,4,-36.8738,-39.185,-0.0818
kPZI1KDxko,4,21.5363,19.1871,0.2407
Z0AmPifWcE,4,11.4208,11.6978,-1.6536
0DxtZwmXgt,4,6.901,6.0024,14.2067
OA9P5dvkmK,4,30.2132,49.8275,27.0755
uLftSWEdaV,4,6.901,6.0024,14.2067
Lk3krejqZb,2,-30.6713,NA,NA
KjWFrubavl,4,21.5363,19.1871,0.2407
esLxTfnXF9,4,6.6664,35.2506,4.1819
FUUsyCapxJ,4,-29.6867,-26.7863,-29.2983
dQXPAq9cO8,2,22.0981,NA,NA
FYwlFMHxyI,2,-30.6713,NA,NA
b8aEU0blja,4,6.901,6.0024,14.2067
rWXxBVUZ2E,4,11.4208,11.6978,-1.6536
pofMfCTlCo,4,-36.8738,-39.185,-0.0818
jXjjOW9MR3,2,-30.6713,NA,NA
jGA7hFJphI,2,-30.6713,NA,NA
YU9fYG0NKP,4,21.5363,19.1871,0.2407
DM6PVnFoP6,4,33.877,33.2408,42.1308
FpuWdtCwqn,4,-29.6867,-26.7863,-29.2983
cwvlOBb3J0,4,-36.8738,-39.185,-0.0818
tlmk2aRUJ6,2,-30.6713,NA,NA
S2mFujs7wH,2,22.0981,NA,NA
qo8AIdIV0A,4,21.5363,19.1871,0.2407
l877c9jKIs,4,33.877,33.2408,42.1308
gffMYkxJTd,4,33.877,33.2408,42.1308
3OGTspjK3V,4,6.6664,35.2506,4.1819
xufjRCVAdY,2,22.0981,NA,NA
FtYsxdK8GJ,2,39.3822,NA,NA
UIGw1oiHnt,4,6.901,6.0024,14.2067
C019ALd9do,4,30.2132,49.8275,27.0755
hB8SanDi6K,2,22.0981,NA,NA
X0ffmgSs1v,4,33.877,33.2408,42.1308
mQj9b4bXGO,4,-36.8738,-39.185,-0.0818
Jj48kPlUBO,4,21.5363,19.1871,0.2407
QWE5yra5Cn,2,39.3822,NA,NA
5ptPAbLr3b,2,-30.6713,NA,NA
C1XX68tcSB,4,-29.6867,-26.7863,-29.2983
1KaDxD1bKI,4,11.4208,11.6978,-1.6536
9o8ok8WdJu,4,6.6664,35.2506,4.1819
JmIYlKGxNT,4,-29.6867,-26.7863,-29.2983
ifsUZrh1sa,4,6.901,6.0024,14.2067
Q2vu0HjQT0,4,6.901,6.0024,14.2067
pxYEk4BBVr,4,11.4208,11.6978,-1.6536
S2aBkoXZJQ,4,11.4208,11.6978,-1.6536
iUgGPWIjYb,2,39.3822,NA,NA
Gk9nDheFhe,4,6.6664,35.2506,4.1819
rNfnpRebDh,4,21.5363,19.1871,0.2407
qirgrDbNP0,4,6.6664,35.2506,4.1819
hNAmc27nyx,2,22.0981,NA,NA
82umvTkwnn,4,6.901,6.0024,14.2067
MXuDuXWSik,4,11.4208,11.6978,-1.6536
SfDuIELt6g,4,21.5363,19.1871,0.2407
f9y9Mnxrzi,2,39.3822,NA,NA
72DeAXADL1,2,22.0981,NA,NA
AZxJqQVexF,4,11.4208,11.6978,-1.6536
elBBSW2lay,4,30.2132,49.8275,27.0755
ilWOsmEhUY,4,-36.8738,-39.185,-0.0818
LQcb0X9jCn,4,6.901,6.0024,14.2067
Sh8tpvAqzQ,2,-30.6713,NA,NA
uQfPUH7pxh,2,39.3822,NA,NA
dW82np82kL,2,39.3822,NA,NA
3mWUAL2M3C,4,6.901,6.0024,14.2067
L82JjrbsI2,4,11.4208,11.6978,-1.6536
6NOCeVWcqZ,2,22.0981,NA,NA
0e0AzLsINL,2,22.0981,NA,NA
55qT8S7Poc,4,11.4208,11.6978,-1.6536
FukEeXA2H3,2,22.0981,NA,NA
rDfCQdut4b,4,30.2132,49.8275,27.0755
CpkW4gQX4x,4,-29.6867,-26.7863,-29.2983
hQQFhGbhkj,4,11.4208,11.6978,-1.6536
ay5oQhb1Vz,2,-30.6713,NA,NA
IN993JrXz7,4,-29.6867,-26.7863,-29.2983
pMEkvHy8wk,4,6.901,6.0024,14.2067
QDbyd6hoCf,4,30.2132,49.8275,27.0755
hPWzidMWgi,4,6.901,6.0024,14.2067
zsZLQLQXXK,4,-36.8738,-39.185,-0.0818
HazryDlnlo,4,21.5363,19.1871,0.2407
jQ0h06F7UO,2,22.0981,NA,NA
5zQn5bwafz,4,11.4208,11.6978,-1.6536
WPlX3ss0Jb,4,-36.8738,-39.185,-0.0818
ZguHqx54KH,2,39.3822,NA,NA
4G1oWfvY1I,4,6.6664,35.2506,4.1819
neucm0DjhO,2,39.3822,NA,NA
qD8LKaCcxF,4,33.877,33.2408,42.1308
6sxTu6Mj3W,4,6.6664,35.2506,4.1819
ZnfvUYcF4i,4,30.2132,49.8275,27.0755
4pDS8dZp3j,4,30.2132,49.8275,27.0755
Rwcm16SmqD,4,33.877,33.2408,42.1308
PzETibCXfP,4,33.877,33.2408,42.1308
lQUqEnh2bf,4,-36.8738,-39.185,-0.0818
HRRwyCOT0Q,4,6.6664,35.2506,4.1819
4Ea6rH87kF,4,30.2132,49.8275,27.0755
1r4r08Nguv,2,39.3822,NA,NA
ubnHAdT0nW,2,22.0981,NA,NA
SQ4ohe0wqH,4,6.6664,35.2506,4.1819
8HTR68I7Cz,4,-36.8738,-39.185,-0.0818
csabZaaMsy,4,-29.6867,-26.7863,-29.2983
GWhBJfZ68y,4,11.4208,11.6978,-1.6536
DwM0vKVtSS,2,22.0981,NA,NA
aIDsBSq14a,4,21.5363,19.1871,0.2407
YGZj6rTqt5,4,6.901,6.0024,14.2067
yiZ0hpHsND,2,39.3822,NA,NA
cD1I9vxxie,4,6.6664,35.2506,4.1819
1c5rGerPo1,4,6.901,6.0024,14.2067
mziJ2VV3HF,2,39.3822,NA,NA
YYHG5U2P41,4,-36.8738,-39.185,-0.0818
33Iks4wFi8,4,11.4208,11.6978,-1.6536
QSa4JOXfek,4,6.901,6.0024,14.2067
X4TQKEr42x,4,11.4208,11.6978,-1.6536
hnRRDIyO8g,4,6.901,6.0024,14.2067
qsiYwy3lwr,4,30.2132,49.8275,27.0755
oHz6dnagl6,4,-36.8738,-39.185,-0.0818
GV2P6R63FQ,2,22.0981,NA,NA
tIT4SGHnB1,2,22.0981,NA,NA
y1Nm0yxiyP,4,30.2132,49.8275,27.0755
zUuDqTj0vH,4,6.901,6.0024,14.2067
1Ca6Dbzjxz,2,-30.6713,NA,NA
VYaImh23rg,4,-29.6867,-26.7863,-29.2983
L1ZTvYdQQj,4,6.901,6.0024,14.2067
ERqaFKzQT8,4,21.5363,19.1871,0.2407
JvVQQUMQbE,4,30.2132,49.8275,27.0755
aU8TxMau8P,4,-36.8738,-39.185,-0.0818
hOF10Qkdb1,4,11.4208,11.6978,-1.6536
zABv42X0te,4,30.2132,49.8275,27.0755
kqg232d143,4,33.877,33.2408,42.1308
oMlGVPJVEn,4,30.2132,49.8275,27.0755
D967a5trb7,4,6.6664,35.2506,4.1819
uHtrSvrRm7,4,11.4208,11.6978,-1.6536
d18LXPvY2r,4,33.877,33.2408,42.1308
UiwpYxT80f,4,-29.6867,-26.7863,-29.2983
MnAzAUkFAR,4,33.877,33.2408,42.1308
uEaxOX8qmP,4,-29.6867,-26.7863,-29.2983
47DmZG98a3,2,39.3822,NA,NA
Zg0kqiHwTj,4,30.2132,49.8275,27.0755
lRwB8GUJ6g,2,22.0981,NA,NA
vw3Xcw5vNI,4,6.6664,35.2506,4.1819
HnKoLw3EIG,4,11.4208,11.6978,-1.6536
tvcHaqKQsC,4,21.5363,19.1871,0.2407
caacHktIgT,2,-30.6713,NA,NA
c8WCdPw99e,4,6.6664,35.2506,4.1819
E0GJA8TH90,4,-36.8738,-39.185,-0.0818
6cpuBJKBC8,4,6.6664,35.2506,4.1819
pGw9TX8tV7,4,-29.6867,-26.7863,-29.2983
v6q9ZqTvtc,2,22.0981,NA,NA
0CJsoLIhW8,4,11.4208,11.6978,-1.6536
WDJZO5UOVN,4,-29.6867,-26.7863,-29.2983
CkLUmJtlng,4,-36.8738,-39.185,-0.0818
PgIzz0XvUb,2,-30.6713,NA,NA
mPSgCPLChe,4,6.901,6.0024,14.2067
KYPibh4pd6,2,-30.6713,NA,NA
ORe4uesEFE,4,6.6664,35.2506,4.1819
XYMQ7m41fp,2,22.0981,NA,NA
kn4CI39FIs,4,33.877,33.2408,42.1308
03HaORTNWi,4,11.4208,11.6978,-1.6536
tNOsRpXWXy,2,39.3822,NA,NA
xVslyRR1BE,4,21.5363,19.1871,0.2407
OifbVsz7Gv,4,30.2132,49.8275,27.0755
pw34w8KVzd,4,33.877,33.2408,42.1308
y7PaIk1YJ4,4,11.4208,11.6978,-1.6536
bZq24aZSMT,4,21.5363,19.1871,0.2407
fX0CXKt3KK,2,22.0981,NA,NA
pafop9zaEq,4,30.2132,49.8275,27.0755
f9MbK9nhHT,2,39.3822,NA,NA
eY6sJKCGrC,2,22.0981,NA,NA
rkhxmx5Hwm,2,22.0981,NA,NA
WnYvQsUJXC,4,33.877,33.2408,42.1308
P5I8bIVn9l,4,11.4208,11.6978,-1.6536
dVJnkVy82T,4,6.6664,35.2506,4.1819
afzN0STmbL,2,22.0981,NA,NA
u7Ytwsy4xL,4,11.4208,11.6978,-1.6536
2BDYRzM2fY,4,21.5363,19.1871,0.2407
ZZOsNV4LXP,4,6.6664,35.2506,4.1819
jKAOFXWy0U,2,-30.6713,NA,NA
3suWQwxw03,2,-30.6713,NA,NA
tuc10l7nzI,2,22.0981,NA,NA
mLM4lPDhCm,4,6.901,6.0024,14.2067
uZ9S4GHWBy,4,21.5363,19.1871,0.2407
WJPQvNYu0l,4,11.4208,11.6978,-1.6536
uuAhvoLVyd,4,33.877,33.2408,42.1308
k4ysw745oN,4,21.5363,19.1871,0.2407
RxZhB9hNdd,4,6.901,6.0024,14.2067
xyQR8nSkXC,4,30.2132,49.8275,27.0755
8DpXR8VssZ,4,6.901,6.0024,14.2067
M5b4wjcNcz,4,33.877,33.2408,42.1308
3TDD8aDAkg,4,6.901,6.0024,14.2067
CaLfQD15Pj,2,39.3822,NA,NA
rGalQncdXZ,4,11.4208,11.6978,-1.6536
9aQaXE3mwH,4,-36.8738,-39.185,-0.0818
A0q4GAS7Nd,4,6.901,6.0024,14.2067
hK9UA9cd7B,4,33.877,33.2408,42.1308
sGvKY7yVYl,4,21.5363,19.1871,0.2407
X5vNHj2CyS,4,-29.6867,-26.7863,-29.2983
a4FafqxAbM,4,11.4208,11.6978,-1.6536
nSts8FzLR0,4,-29.6867,-26.7863,-29.2983
K56jDnJQEu,4,6.901,6.0024,14.2067
onzTqhth1u,4,6.901,6.0024,14.2067
wg19RItjyu,4,-36.8738,-39.185,-0.0818
FZSEksMS5O,4,6.6664,35.2506,4.1819
rHpZMvm1bP,4,6.6664,35.2506,4.1819
mu0DXavOy8,2,39.3822,NA,NA
VVkB4rCZE6,4,-36.8738,-39.185,-0.0818
OC4X4mnFtZ,4,-29.6867,-26.7863,-29.2983
Vc4MsrwEpx,4,6.901,6.0024,14.2067
za3Zn5CR0P,4,-29.6867,-26.7863,-29.2983
QBAdkr5QC3,4,33.877,33.2408,42.1308
iU8607mbfO,2,39.3822,NA,NA
82VaJKDnVr,2,22.0981,NA,NA
P57aojm2K2,4,6.901,6.0024,14.2067
tNmuRGEvZJ,2,39.3822,NA,NA
fHn6EjLoCD,4,-29.6867,-26.7863,-29.2983
Vd0N7SZITO,2,-30.6713,NA,NA
fKDSTZgPci,4,-36.8738,-39.185,-0.0818
tgAgHX94l3,2,22.0981,NA,NA
3vr9E14CBv,4,30.2132,49.8275,27.0755
vzDBMtb60L,4,-36.8738,-39.185,-0.0818
wx3H8ppPhn,4,30.2132,49.8275,27.0755
TZfeAuqoON,2,39.3822,NA,NA
sQDgUcKspu,4,-29.6867,-26.7863,-29.2983
uharNr5dub,4,6.901,6.0024,14.2067
UN9WyRXA5T,4,6.6664,35.2506,4.1819
87NWgLu2aj,4,6.901,6.0024,14.2067
vGwgoEYI3C,4,-36.8738,-39.185,-0.0818
02yNzgRf0G,4,30.2132,49.8275,27.0755
mhH2OLnW9I,4,21.5363,19.1871,0.2407
i2yBHIIdc2,4,-29.6867,-26.7863,-29.2983
wg3odZs0cq,2,-30.6713,NA,NA
U47AEP2VJX,4,33.877,33.2408,42.1308
RmxTbUgK6g,4,30.2132,49.8275,27.0755
ddIrFWStoU,4,-29.6867,-26.7863,-29.2983
QlD5Es89hB,4,6.6664,35.2506,4.1819
DlMgj9nJmB,4,6.901,6.0024,14.2067
jXz5daWME5,4,21.5363,19.1871,0.2407
CSdQs18k2S,4,33.877,33.2408,42.1308
UHWx9yBe4H,2,22.0981,NA,NA
tPuSrNmthr,4,30.2132,49.8275,27.0755
PPQvK72ANz,2,-30.6713,NA,NA
SbLhBnoabL,4,11.4208,11.6978,-1.6536
MqWXfM7sWu,4,21.5363,19.1871,0.2407
XIvJmbjwsY,4,33.877,33.2408,42.1308
BEsuNnPVuI,4,30.2132,49.8275,27.0755
jrcu9JPQoh,4,21.5363,19.1871,0.2407
QbeFsd3rff,4,21.5363,19.1871,0.2407
H3JJL3CX7a,4,6.6664,35.2506,4.1819
i03dFj3x0R,2,-30.6713,NA,NA
17f4riJqWC,2,22.0981,NA,NA
7H91EYqxZq,4,6.901,6.0024,14.2067
TMru0SqAjE,2,22.0981,NA,NA
flCPaeYFQz,4,-29.6867,-26.7863,-29.2983
estkCy5BGG,4,-29.6867,-26.7863,-29.2983
GOmJMxFL5I,4,-36.8738,-39.185,-0.0818
xbiYkklLu7,4,11.4208,11.6978,-1.6536
vv6xxq0WlX,2,-30.6713,NA,NA
l6UtWfXQUx,4,30.2132,49.8275,27.0755
472n5PU55I,2,-30.6713,NA,NA
VFxPsVhPtp,4,33.877,33.2408,42.1308
MPxjvrdoT6,4,33.877,33.2408,42.1308
L7EzT7HxP9,2,39.3822,NA,NA
8F2WkgaOGO,2,39.3822,NA,NA
FZ88PR0dde,4,-36.8738,-39.185,-0.0818
EHeldIRE7F,2,39.3822,NA,NA
TYyGafX3pu,4,33.877,33.2408,42.1308
3KBDO09GKt,4,-29.6867,-26.7863,-29.2983
RoMJ19rO8g,4,6.901,6.0024,14.2067
282UrYltwQ,4,11.4208,11.6978,-1.6536
ZS6r9x8Eyq,4,30.2132,49.8275,27.0755
4GEUu4T2W5,4,11.4208,11.6978,-1.6536
GFe7P1eHAO,2,-30.6713,NA,NA
tIoqeyY2Kr,4,-36.8738,-39.185,-0.0818
YDKl0KqT1S,4,6.6664,35.2506,4.1819
cWXvuxw2IN,2,39.3822,NA,NA
Hti5ttprV4,4,33.877,33.2408,42.1308
bbFMylpnXc,4,-29.6867,-26.7863,-29.2983
NRHvpY3RmB,4,11.4208,11.6978,-1.6536
npPAph3d0U,4,33.877,33.2408,42.1308
UQpFD8hFPJ,4,21.5363,19.1871,0.2407
laCAjzNWAe,4,11.4208,11.6978,-1.6536
S9VL0rrG8U,4,6.6664,35.2506,4.1819
T0R3mkwkJs,4,6.901,6.0024,14.2067
manK2XlHMG,2,22.0981,NA,NA
i8wUsel0kb,4,33.877,33.2408,42.1308
gKEAjBClUM,2,-30.6713,NA,NA
6QsEcTQdts,4,6.901,6.0024,14.2067
hxOCmCVOEo,4,6.901,6.0024,14.2067
1LAjSQZcu5,2,22.0981,NA,NA
TpjsbUy0ev,4,21.5363,19.1871,0.2407
mmy0GWkPmS,4,6.901,6.0024,14.2067
c5O9ij2cJW,4,6.901,6.0024,14.2067
3j19WwCvcZ,4,-29.6867,-26.7863,-29.2983
z902qECaOU,4,21.5363,19.1871,0.2407
qtmWdPiHZQ,4,11.4208,11.6978,-1.6536
Dl7o7i0fCK,4,6.901,6.0024,14.2067
AKD66QLMZm,4,21.5363,19.1871,0.2407
iwra1WTkEI,4,30.2132,49.8275,27.0755
KWzcVqWnOA,4,-29.6867,-26.7863,-29.2983
TfQsu16faF,4,33.877,33.2408,42.1308
zEKWFr8Rh5,4,33.877,33.2408,42.1308
hcBiDH6gAK,4,11.4208,11.6978,-1.6536
JMVxzJ6qkC,4,6.901,6.0024,14.2067
qZEypzGf8K,4,6.901,6.0024,14.2067
Y0obw5jtyi,4,33.877,33.2408,42.1308
9B63HMrXEH,4,-36.8738,-39.185,-0.0818
n3KJkYJx6F,4,-29.6867,-26.7863,-29.2983
BCh3raB6Zo,4,6.6664,35.2506,4.1819
oZlcDL6bt4,4,30.2132,49.8275,27.0755
nZkSVw1kOn,4,11.4208,11.6978,-1.6536
4mCy6sCGWa,2,22.0981,NA,NA
S85R9KyNhx,4,6.6664,35.2506,4.1819
VNWt8N3pWp,4,6.901,6.0024,14.2067
8DYL4bp8fL,2,39.3822,NA,NA
qaekPNbgOi,4,-29.6867,-26.7863,-29.2983
YpglUjC82m,4,-36.8738,-39.185,-0.0818
h7sjpQKJrn,4,-36.8738,-39.185,-0.0818
kiQD8MAZ2G,4,-36.8738,-39.185,-0.0818
SgBEMB6hMu,2,39.3822,NA,NA
9NScvohLcf,4,-36.8738,-39.185,-0.0818
LxemJsvlPn,4,30.2132,49.8275,27.0755
QTuEwVRqoB,4,6.6664,35.2506,4.1819
3ErphCi8lL,4,21.5363,19.1871,0.2407
LX42hYnXqP,4,6.6664,35.2506,4.1819
f4ffVBwc0U,4,-36.8738,-39.185,-0.0818
8R7iERpJkl,4,6.901,6.0024,14.2067
nN4We7xamR,2,22.0981,NA,NA
OBE8Y5rD23,4,33.877,33.2408,42.1308
Pg6ZjTxm1K,4,-36.8738,-39.185,-0.0818
iIptCBRfPq,4,6.6664,35.2506,4.1819
tv9EN9AJkB,4,21.5363,19.1871,0.2407
w0eWM08Gx0,4,6.901,6.0024,14.2067
4NmwDBCx3r,2,-30.6713,NA,NA
E0tRsPByMP,4,30.2132,49.8275,27.0755
uc3ySLlGeD,4,6.901,6.0024,14.2067
69rq8sg6hI,4,11.4208,11.6978,-1.6536
NS1y0S1Yh3,4,-29.6867,-26.7863,-29.2983
n4TOHpXtdY,2,-30.6713,NA,NA
h9LSV4X8yx,4,11.4208,11.6978,-1.6536
W8YjUAAtf6,4,21.5363,19.1871,0.2407
11WuBt52iC,4,30.2132,49.8275,27.0755
xZTR8Tpsli,4,11.4208,11.6978,-1.6536
6Sq24CIDOZ,2,-30.6713,NA,NA
oamaV83XTn,4,30.2132,49.8275,27.0755
WmBl9pPu5s,4,33.877,33.2408,42.1308
S04YO2Q49l,2,39.3822,NA,NA
BloQoN7bUe,4,-29.6867,-26.7863,-29.2983
1jZWdNLpgV,4,30.2132,49.8275,27.0755
LJEfWD5cmp,4,30.2132,49.8275,27.0755
HcODZ7TGSt,4,-29.6867,-26.7863,-29.2983
Dj0YoMinxM,4,11.4208,11.6978,-1.6536
72DmbJOyno,4,-36.8738,-39.185,-0.0818
4HolCeZ7o0,2,-30.6713,NA,NA
8q5HIqNFAa,4,-29.6867,-26.7863,-29.2983
4EOUjAX9ih,4,-29.6867,-26.7863,-29.2983
6lURZbtNXF,2,-30.6713,NA,NA
ajVUIgOgFi,2,-30.6713,NA,NA
DHAyjDy8tv,2,22.0981,NA,NA
917sYtxNfr,4,21.5363,19.1871,0.2407
qNHK9NGIIU,2,39.3822,NA,NA
aUYK0RJaVm,2,39.3822,NA,NA
IyHj6n7mlM,4,-36.8738,-39.185,-0.0818
lFqUcPAVbg,2,22.0981,NA,NA
vJZpoI1Asu,2,39.3822,NA,NA
ST3cmQAIoO,4,30.2132,49.8275,27.0755
3vNpL5ykov,4,6.6664,35.2506,4.1819
urrZRMoISK,4,21.5363,19.1871,0.2407
pW7uOtZSt2,4,33.877,33.2408,42.1308
3t35ZW7sMf,4,-36.8738,-39.185,-0.0818
0j6G5gy72F,4,30.2132,49.8275,27.0755
XHX01dLcXf,2,-30.6713,NA,NA
hoxTwUquVs,4,-36.8738,-39.185,-0.0818
C6jscKBSwB,4,-29.6867,-26.7863,-29.2983
Tmd5yj2XCl,4,6.6664,35.2506,4.1819
wCzDkAqUHG,4,6.6664,35.2506,4.1819
i8VEEZnljl,4,33.877,33.2408,42.1308
41pwGqP97Z,4,21.5363,19.1871,0.2407
UFTFTWvvam,2,39.3822,NA,NA
HWVBFOmTt6,2,-30.6713,NA,NA
mlV2denQhI,4,33.877,33.2408,42.1308
tI8UyjLkzx,4,6.901,6.0024,14.2067
DH2Ql1y2ix,2,-30.6713,NA,NA
xFagTCCZot,4,21.5363,19.1871,0.2407
4YgADwTN0Q,4,6.901,6.0024,14.2067
w9Xi0h2hB3,4,11.4208,11.6978,-1.6536
whCRaYQ4sR,4,6.6664,35.2506,4.1819
kj0Tq7E777,4,33.877,33.2408,42.1308
GITKKsSdLD,4,-29.6867,-26.7863,-29.2983
0NoFVJfw14,4,6.6664,35.2506,4.1819
7D47RmSqu4,4,-29.6867,-26.7863,-29.2983
75w2gV752C,2,-30.6713,NA,NA
6p2vaNMBAU,4,21.5363,19.1871,0.2407
6WeaJihKSh,4,6.901,6.0024,14.2067
AINDtLsWrb,2,22.0981,NA,NA
pMJye23VOP,4,30.2132,49.8275,27.0755
W5UJH3Rsyb,4,33.877,33.2408,42.1308
M95MIj7h0z,4,21.5363,19.1871,0.2407
zzFcHoWtjI,4,-29.6867,-26.7863,-29.2983
7EiaqXc3xg,4,-36.8738,-39.185,-0.0818
JYaekNEOsg,4,-36.8738,-39.185,-0.0818
jKwfN9ATZ7,4,6.901,6.0024,14.2067
TQbVRVViyr,4,6.901,6.0024,14.2067
dLj1KgO22K,4,-36.8738,-39.185,-0.0818
OLaDlEE0fc,2,22.0981,NA,NA
RqcRAHOZPH,4,33.877,33.2408,42.1308
v5LMsYuhYg,4,6.901,6.0024,14.2067
6am09vsmPe,4,33.877,33.2408,42.1308
qx6YXzehiS,4,-36.8738,-39.185,-0.0818
E0CQlYHsHu,4,33.877,33.2408,42.1308
ivPKU4CTxx,4,33.877,33.2408,42.1308
G8r8G1JgyH,2,39.3822,NA,NA
MKhfBM5z71,4,33.877,33.2408,42.1308
XZj7BE6DNE,2,39.3822,NA,NA
11bYtHOP4g,4,6.6664,35.2506,4.1819
yak4OUmXBh,4,21.5363,19.1871,0.2407
dyqmLHSgp5,4,6.901,6.0024,14.2067
gjvWsH5HYY,2,-30.6713,NA,NA
mm39SQ9ImL,4,30.2132,49.8275,27.0755
dusmiLWDqe,2,39.3822,NA,NA
SFpR9KKvXH,4,6.6664,35.2506,4.1819
hgk59Mk2cM,4,30.2132,49.8275,27.0755
ZrfSFt16VP,4,6.901,6.0024,14.2067
YN0bxbtXQ8,2,39.3822,NA,NA
3T59wfhrhm,4,-29.6867,-26.7863,-29.2983
SjYUzQfeLZ,4,33.877,33.2408,42.1308
mZ4wxkWHOb,2,22.0981,NA,NA
QpdzrUb5zQ,4,6.901,6.0024,14.2067
DBRM09eYn0,2,-30.6713,NA,NA
awLW9SvyuM,4,6.6664,35.2506,4.1819
a9XKybNTzV,4,-29.6867,-26.7863,-29.2983
J6jumxQKu0,2,39.3822,NA,NA
M9xG07bxrH,2,39.3822,NA,NA
aTTOdrPrSQ,4,30.2132,49.8275,27.0755
xoaAVdj8SQ,4,33.877,33.2408,42.1308
ywbpfHU6AC,2,22.0981,NA,NA
hl87R6nVlt,4,30.2132,49.8275,27.0755
dMscKIKDaW,4,6.6664,35.2506,4.1819
LOo5JCCTJ4,4,-29.6867,-26.7863,-29.2983
nbylNVRyMO,2,-30.6713,NA,NA
vrwgRMOoxa,4,-29.6867,-26.7863,-29.2983
3v1fpaESSg,2,39.3822,NA,NA
kQNpICfEUG,4,6.6664,35.2506,4.1819
wbPYL4LUG5,4,11.4208,11.6978,-1.6536
EGshpM6qcz,4,33.877,33.2408,42.1308
4reAWRgoaf,4,33.877,33.2408,42.1308
Bb8lLNMGGg,4,6.6664,35.2506,4.1819
sIbGJCmeCs,4,-36.8738,-39.185,-0.0818
crA8oQ6cW5,4,30.2132,49.8275,27.0755
jrvFKoJlrX,2,39.3822,NA,NA
wPa178y7Jj,4,30.2132,49.8275,27.0755
1qeLutKv26,2,-30.6713,NA,NA
0feyKdpa6t,4,-36.8738,-39.185,-0.0818
8kqo6MtyQf,4,6.901,6.0024,14.2067
nZt9zAOOKJ,4,11.4208,11.6978,-1.6536
VPS7WV4Cf5,4,-29.6867,-26.7863,-29.2983
6zHgOPVn3i,4,6.901,6.0024,14.2067
g0D9MvgWdh,4,33.877,33.2408,42.1308
51nSnZjHkn,4,30.2132,49.8275,27.0755
tw4bVdpNlq,4,6.6664,35.2506,4.1819
PYwhLKl1UH,4,6.6664,35.2506,4.1819
NIm2C6pHIj,4,11.4208,11.6978,-1.6536
ru7Imwu61A,4,6.901,6.0024,14.2067
3brDQ3A4I4,4,-29.6867,-26.7863,-29.2983
Ajfrn65ulE,4,6.901,6.0024,14.2067
HvIMLJKvsM,4,6.901,6.0024,14.2067
Xd99dOSakE,2,39.3822,NA,NA
b3M6vFaBZs,4,-36.8738,-39.185,-0.0818
PXSxOZ8zJQ,4,-29.6867,-26.7863,-29.2983
6yIAOOqyUL,4,6.901,6.0024,14.2067
LckoXZW7C6,4,-36.8738,-39.185,-0.0818
aivLuKcY64,4,-36.8738,-39.185,-0.0818
hIk792rTj9,4,21.5363,19.1871,0.2407
WZw9o3ULCl,4,21.5363,19.1871,0.2407
InWU1UkC55,2,39.3822,NA,NA
TUimeBbdsJ,2,-30.6713,NA,NA
kkY9e8f1Jy,4,30.2132,49.8275,27.0755
fZRnUzR81v,2,22.0981,NA,NA
XqIICyVZMO,4,-36.8738,-39.185,-0.0818
TvLvGx3HiX,4,-36.8738,-39.185,-0.0818
uz790uAMon,4,-29.6867,-26.7863,-29.2983
MGGzzijSKt,4,11.4208,11.6978,-1.6536
CggPuXYU1S,4,6.6664,35.2506,4.1819
88ExPhZ93V,2,22.0981,NA,NA
HS67fNszjT,4,-29.6867,-26.7863,-29.2983
4ebUvnv8JP,2,-30.6713,NA,NA
QNXozsnz3B,2,-30.6713,NA,NA
4J3L3KnFqa,4,21.5363,19.1871,0.2407
Uscywbwbpe,2,39.3822,NA,NA
Gc3yfCCvTV,4,11.4208,11.6978,-1.6536
94YHgfj13E,4,21.5363,19.1871,0.2407
tY3ykzSy0J,4,21.5363,19.1871,0.2407
naUsW2MVMH,2,-30.6713,NA,NA
ittcITf6jW,4,11.4208,11.6978,-1.6536
lkEdHtI2iH,4,-36.8738,-39.185,-0.0818
KWXraAmA61,2,39.3822,NA,NA
AoYvxDKiMy,4,-29.6867,-26.7863,-29.2983
BeGIToJy9I,4,-29.6867,-26.7863,-29.2983
pGmWHMRPp3,4,11.4208,11.6978,-1.6536
0xCqY1UmYC,2,-30.6713,NA,NA
2CZUcQR7U1,4,33.877,33.2408,42.1308
Vlh0cTz7Zz,4,33.877,33.2408,42.1308
DY966mj7va,4,21.5363,19.1871,0.2407
NdDCmHK8DC,2,22.0981,NA,NA
CcEajuL1uc,4,30.2132,49.8275,27.0755
O4mx5jpgrB,4,30.2132,49.8275,27.0755
88I2ztbnHb,4,21.5363,19.1871,0.2407
KOX6WznQYr,4,-29.6867,-26.7863,-29.2983
hB8kBz56Rs,2,-30.6713,NA,NA
LbkFYmv08T,4,-29.6867,-26.7863,-29.2983
FeK7SzA3BE,2,-30.6713,NA,NA
30LsUXdUyB,2,-30.6713,NA,NA
akraYalYM9,2,-30.6713,NA,NA
UUtllvpvk8,4,6.901,6.0024,14.2067
3aeRkjc2Zv,4,-29.6867,-26.7863,-29.2983
dslU6SWwPU,4,-29.6867,-26.7863,-29.2983
uDroJYNsh2,2,39.3822,NA,NA
xsz8eeiF1R,4,-29.6867,-26.7863,-29.2983
krdQVUuV4C,4,11.4208,11.6978,-1.6536
zwmwwbakEM,2,22.0981,NA,NA
uYsMPyAF6N,4,33.877,33.2408,42.1308
zB7jCOmO6s,2,-30.6713,NA,NA
FQFld6sioi,4,30.2132,49.8275,27.0755
80n0Csux3t,2,39.3822,NA,NA
okV4CEW8me,2,-30.6713,NA,NA
eguOtqVdsu,4,6.6664,35.2506,4.1819
o9GLqtsArj,2,22.0981,NA,NA
32OjvyAf2D,4,11.4208,11.6978,-1.6536
v2n9gL4Czb,4,6.6664,35.2506,4.1819
1MP0qk5wD6,4,33.877,33.2408,42.1308
bVQkBHM6xq,2,39.3822,NA,NA
g5RlJVdfOr,4,6.901,6.0024,14.2067
e9hB0KbVNz,4,-36.8738,-39.185,-0.0818
1BB1GKlBSW,4,-29.6867,-26.7863,-29.2983
BT3NcsIkkK,4,11.4208,11.6978,-1.6536
3JUbpePi29,4,-29.6867,-26.7863,-29.2983
gIcS5jt4Fk,4,6.901,6.0024,14.2067
teU4NN9qMU,4,-29.6867,-26.7863,-29.2983
rEhcdK5oTQ,4,30.2132,49.8275,27.0755
8TeOWQI2q2,2,22.0981,NA,NA
lxDD2ZgSLv,4,-29.6867,-26.7863,-29.2983
OQXK0VPrX9,4,33.877,33.2408,42.1308
2PMfQVl2tI,4,-29.6867,-26.7863,-29.2983
sjlqwF6Wvk,4,11.4208,11.6978,-1.6536
zUvYfKkr6N,4,11.4208,11.6978,-1.6536
WyPMD50tkp,4,6.6664,35.2506,4.1819
W4nUHRNo8w,4,21.5363,19.1871,0.2407
IpgSC9pMBG,4,-29.6867,-26.7863,-29.2983
Q2JJxthy8r,4,6.6664,35.2506,4.1819
hpyjVKGmIT,4,-36.8738,-39.185,-0.0818
mBzNlqTRe5,4,6.6664,35.2506,4.1819
Kc3WnUrRgZ,4,33.877,33.2408,42.1308
WQXEaB1ofY,2,39.3822,NA,NA
bvQRt1Nbrl,4,33.877,33.2408,42.1308
Ln0G6A9kpa,4,11.4208,11.6978,-1.6536
Qes9gg8k4f,4,11.4208,11.6978,-1.6536
KTeC51N96h,4,6.6664,35.2506,4.1819
stYHAQ0j55,4,33.877,33.2408,42.1308
hNG9e3mXkf,4,-29.6867,-26.7863,-29.2983
cDQd0Or8cJ,4,-29.6867,-26.7863,-29.2983
hVC899bJQI,2,22.0981,NA,NA
pJrmMx8kD3,4,-29.6867,-26.7863,-29.2983
zLHlD0eRGs,4,6.901,6.0024,14.2067
ZTVidqpnhp,4,11.4208,11.6978,-1.6536
aU6zevK49g,4,6.901,6.0024,14.2067
CnmjGDVez4,2,22.0981,NA,NA
ODgYWQ1vZC,4,21.5363,19.1871,0.2407
ZvS44eQy92,4,-29.6867,-26.7863,-29.2983
sMRVvhTpFG,4,21.5363,19.1871,0.2407
XkNHLx7nOB,4,11.4208,11.6978,-1.6536
0s65CO5X3Z,4,-36.8738,-39.185,-0.0818
J7eEVWLTiM,4,21.5363,19.1871,0.2407
5qHvLAThoK,4,6.901,6.0024,14.2067
fmXvekdnBe,4,6.6664,35.2506,4.1819
zfDAljkErA,4,30.2132,49.8275,27.0755
SnrmjCbppR,4,6.6664,35.2506,4.1819
c1iWjKb9ov,2,-30.6713,NA,NA
ZTQ06XfYXM,4,6.901,6.0024,14.2067
j28XFwLwdI,2,-30.6713,NA,NA
08LEIvbh6u,4,6.6664,35.2506,4.1819
wNDAxLQ5NM,4,30.2132,49.8275,27.0755
Ffg7nrcVjd,4,6.901,6.0024,14.2067
6F2LfrFNOf,4,33.877,33.2408,42.1308
uhVfVqsNRt,2,39.3822,NA,NA
aZN0eXJCNH,4,6.6664,35.2506,4.1819
pCSBkUacUz,4,-29.6867,-26.7863,-29.2983
f9iv9fN4Rg,2,-30.6713,NA,NA
MMjeypM3wK,4,-29.6867,-26.7863,-29.2983
qdeqrmhAJp,4,6.901,6.0024,14.2067
RBjl6UIqvd,2,39.3822,NA,NA
Yb2xurZsoN,4,33.877,33.2408,42.1308
DNbGX84A83,4,33.877,33.2408,42.1308
kNKESX61Wj,4,6.901,6.0024,14.2067
Aqi3YCJc6J,2,22.0981,NA,NA
dmFnKrxngI,4,-36.8738,-39.185,-0.0818
LD70wiubvT,4,21.5363,19.1871,0.2407
a8JBPwmf6r,2,-30.6713,NA,NA
wQPRQnxXy6,4,-36.8738,-39.185,-0.0818
WMPZJjGRXL,4,-36.8738,-39.185,-0.0818
V7qAyqPL78,4,33.877,33.2408,42.1308
lfw6O5CsaM,4,21.5363,19.1871,0.2407
wcSW9Zoy8V,4,6.6664,35.2506,4.1819
z4oBsHPnpI,4,6.901,6.0024,14.2067
6VUzGpiYuB,4,6.6664,35.2506,4.1819
tpBaXpGmKW,4,-29.6867,-26.7863,-29.2983
WHCGmkUpri,2,22.0981,NA,NA
561Xf6eEQ8,4,30.2132,49.8275,27.0755
LwvlxsxGPW,2,-30.6713,NA,NA
LtmRPMyj8b,2,39.3822,NA,NA
AEC8qXN3V6,2,-30.6713,NA,NA
zCwPJX3yiH,2,39.3822,NA,NA
7bucj0KeiK,2,22.0981,NA,NA
IJaf6aeATX,4,-29.6867,-26.7863,-29.2983
Efx636hyHI,4,6.901,6.0024,14.2067
JYV8SZu6Ah,4,6.6664,35.2506,4.1819
Zh4wvI6Q0w,4,11.4208,11.6978,-1.6536
ybVWzskZdN,4,-36.8738,-39.185,-0.0818
96vz6vtCb0,4,11.4208,11.6978,-1.6536
yss2Z0XI3W,2,22.0981,NA,NA
0JPis2iSie,4,-29.6867,-26.7863,-29.2983
ngnAa7gDYE,4,11.4208,11.6978,-1.6536
eDB7FM69vH,2,-30.6713,NA,NA
CO3odZnmXT,4,6.6664,35.2506,4.1819
5XSg310cNa,4,-36.8738,-39.185,-0.0818
q7FDYbWRxc,4,6.6664,35.2506,4.1819
etojrbiG4U,2,39.3822,NA,NA
k09iDFTH9T,4,-36.8738,-39.185,-0.0818
aFR7mx86UZ,2,22.0981,NA,NA
ehhoOholRY,2,22.0981,NA,NA
VaXkgbxaLz,2,-30.6713,NA,NA
tUe7ziLTCj,4,-36.8738,-39.185,-0.0818
kLuo0US3jY,4,21.5363,19.1871,0.2407
ZbViKJWuGk,4,6.901,6.0024,14.2067
eOBJfNXimM,4,11.4208,11.6978,-1.6536
wuopECDJNN,4,6.901,6.0024,14.2067
pNfIvWhxEE,4,33.877,33.2408,42.1308
XHxLOvAX3G,4,21.5363,19.1871,0.2407
t1rudMxaEd,4,21.5363,19.1871,0.2407
LgonytvSX6,2,22.0981,NA,NA
De1i27alVv,4,6.901,6.0024,14.2067
DFQu5wUd9a,4,6.901,6.0024,14.2067
N8WF9piU0d,4,33.877,33.2408,42.1308
WcNCQXHqzS,4,21.5363,19.1871,0.2407
PWAVECRW5S,4,30.2132,49.8275,27.0755
Irj0GGDEPo,2,-30.6713,NA,NA
0B94Wzjswu,4,21.5363,19.1871,0.2407
2WmVcQcFTz,4,6.901,6.0024,14.2067
hXmatzG0vY,4,-29.6867,-26.7863,-29.2983
v5nv0mKKTC,4,6.6664,35.2506,4.1819
goVZmI2yn2,4,11.4208,11.6978,-1.6536
eHPq7Lfjf6,2,22.0981,NA,NA
2zzgJpYOL4,4,30.2132,49.8275,27.0755
xU1n8vsQN3,4,6.6664,35.2506,4.1819
QXHopV4Rki,2,22.0981,NA,NA
9LP018UFpx,2,22.0981,NA,NA
yjO0Ce4Lpc,2,39.3822,NA,NA
Y61ZbS6Qbf,2,22.0981,NA,NA
2KMBSJnKGy,4,6.6664,35.2506,4.1819
3qRX5LGFN4,4,30.2132,49.8275,27.0755
M8pANJnDR8,4,21.5363,19.1871,0.2407
b5vUut3fSs,2,22.0981,NA,NA
y0CbFBrHXK,4,21.5363,19.1871,0.2407
6uVWkQwVeq,4,6.6664,35.2506,4.1819
R0OHLWllw6,4,11.4208,11.6978,-1.6536
fP6WbNpxsw,2,-30.6713,NA,NA
IUh8jcgLX2,4,33.877,33.2408,42.1308
rIzDDuVsEw,4,-29.6867,-26.7863,-29.2983
OS3HdUjcWF,4,6.901,6.0024,14.2067
8oIC82PfzZ,2,39.3822,NA,NA
rNQEE2WA0E,2,22.0981,NA,NA
kMYat61IFL,2,39.3822,NA,NA
RsmdJTCQmV,4,30.2132,49.8275,27.0755
C21A7IAHRD,4,6.901,6.0024,14.2067
38g8qmGxhi,4,-36.8738,-39.185,-0.0818
bT5dxrktKz,4,6.6664,35.2506,4.1819
rrYzfpawfd,2,39.3822,NA,NA
ANDgDd0DPk,4,11.4208,11.6978,-1.6536
lZZ8ggsbQl,4,21.5363,19.1871,0.2407
UcPsZBbOFF,4,33.877,33.2408,42.1308
tSeaibDJlG,4,30.2132,49.8275,27.0755
F5V9TFFYl1,4,21.5363,19.1871,0.2407
BFPx0bFloO,4,21.5363,19.1871,0.2407
YhkfxQTnxQ,4,6.901,6.0024,14.2067
lN0KNJK7Na,2,39.3822,NA,NA
8G1Yyawnod,4,-36.8738,-39.185,-0.0818
9jMGtD4uSR,2,39.3822,NA,NA
QPhYecvbbd,4,6.901,6.0024,14.2067
2UhP9uDqWH,4,6.6664,35.2506,4.1819
UIEg7CoJBu,4,6.901,6.0024,14.2067
yhgaqqWzPp,4,6.6664,35.2506,4.1819
YOxFF7LiYo,2,22.0981,NA,NA
JSseWPBp49,4,21.5363,19.1871,0.2407
uZIGmPCgwT,2,22.0981,NA,NA
cHdvRYJzMx,2,22.0981,NA,NA
1YwJiBOfKG,4,11.4208,11.6978,-1.6536
OIx4NrUUF9,4,33.877,33.2408,42.1308
dAh0eyT4jP,2,-30.6713,NA,NA
bWxEgqkw4i,4,33.877,33.2408,42.1308
YjtESAaFSG,4,-29.6867,-26.7863,-29.2983
21Z7GWYOgM,4,6.6664,35.2506,4.1819
qhUEr8bAX5,2,-30.6713,NA,NA
70YMI8vM0d,2,-30.6713,NA,NA
qHtXDaqRAI,4,6.901,6.0024,14.2067
dTjEkyGzcs,2,39.3822,NA,NA
aKC4bCV3YC,4,33.877,33.2408,42.1308
BtRIWoPMTh,2,-30.6713,NA,NA
DmXzcPj05d,4,30.2132,49.8275,27.0755
8QxuMEx49p,4,-36.8738,-39.185,-0.0818
A1plSqD2xB,2,39.3822,NA,NA
vj5wh6KARR,2,-30.6713,NA,NA
3oHIOn0rKj,4,30.2132,49.8275,27.0755
iL00yonSzX,4,-29.6867,-26.7863,-29.2983
lsqG3bnLyX,4,21.5363,19.1871,0.2407
EsRR3FC0Ll,4,11.4208,11.6978,-1.6536
orICi8e41A,4,-36.8738,-39.185,-0.0818
zRxEIkpXho,4,33.877,33.2408,42.1308
J8HlsjvbOw,2,22.0981,NA,NA
ppyJqoD2dV,4,-36.8738,-39.185,-0.0818
OvvHdH3Cwv,4,30.2132,49.8275,27.0755
e0R61wWUwL,4,-29.6867,-26.7863,-29.2983
di9cLCdHHf,4,6.901,6.0024,14.2067
oNsVGG7Xbl,4,-29.6867,-26.7863,-29.2983
LZhEOR7PLw,4,-29.6867,-26.7863,-29.2983
49H8ensVxd,4,6.6664,35.2506,4.1819
mpWOQWOqjU,4,-29.6867,-26.7863,-29.2983
0ev8A1SN0R,4,21.5363,19.1871,0.2407
80v3s6CCzs,4,-29.6867,-26.7863,-29.2983
RTlzPHOqD0,4,11.4208,11.6978,-1.6536
4lKwtn1HRW,4,33.877,33.2408,42.1308
mLDe4lwNjq,4,21.5363,19.1871,0.2407
wjB1mOYl7P,4,-36.8738,-39.185,-0.0818
z8geh37Q2O,4,-36.8738,-39.185,-0.0818
kHmI3WHJI0,4,6.6664,35.2506,4.1819
aiwAGQoRC5,4,33.877,33.2408,42.1308
XtkxIUogbt,4,6.6664,35.2506,4.1819
TESPHYr3HC,4,21.5363,19.1871,0.2407
zF898Y4L5o,4,21.5363,19.1871,0.2407
fjwGTdoFUU,4,6.901,6.0024,14.2067
kADIIs7h0f,4,11.4208,11.6978,-1.6536
Vq47V6YDjz,2,22.0981,NA,NA
i4bORRVOSD,2,39.3822,NA,NA
kMecF6vqIZ,4,11.4208,11.6978,-1.6536
8Nu6P2DX8D,4,21.5363,19.1871,0.2407
kR0blDzYaC,2,39.3822,NA,NA
zvtZZFQdq1,4,11.4208,11.6978,-1.6536
lYwgLlEDHW,2,-30.6713,NA,NA
dLsHL2lPBb,2,22.0981,NA,NA
iDomQ4csF3,4,-29.6867,-26.7863,-29.2983
l4KhreczZv,4,33.877,33.2408,42.1308
hFsxS4EhI2,4,-29.6867,-26.7863,-29.2983
NL5dzdelsR,4,33.877,33.2408,42.1308
q9ZBoHgCPH,2,-30.6713,NA,NA
bIDaOY8Nxz,4,21.5363,19.1871,0.2407
UaHGnkF0lo,2,22.0981,NA,NA
kGYwLxPx2T,4,33.877,33.2408,42.1308
YKUTzglJos,4,33.877,33.2408,42.1308
2XHX6UsGL9,4,30.2132,49.8275,27.0755
Je99woSswu,4,-29.6867,-26.7863,-29.2983
NWi2GTClFG,4,30.2132,49.8275,27.0755
tUWSPWMjV0,4,11.4208,11.6978,-1.6536
TOaZzithoh,2,22.0981,NA,NA
VlHllz8MiH,4,11.4208,11.6978,-1.6536
ZM9KMwVJOL,2,39.3822,NA,NA
o0XHSwKWkO,2,22.0981,NA,NA
9uK3M4Mwpw,2,-30.6713,NA,NA
FCrisVQlNk,4,30.2132,49.8275,27.0755
JDR6XCsGaj,2,22.0981,NA,NA
BtevuvXMVU,2,-30.6713,NA,NA
HEyabMxwA9,2,22.0981,NA,NA
hf3IJ812SV,4,6.6664,35.2506,4.1819
0GlUsdAOGK,4,11.4208,11.6978,-1.6536
3eKd4653FR,2,39.3822,NA,NA
Grom9dL1Ff,4,6.901,6.0024,14.2067
9q5ORSBqAL,4,6.901,6.0024,14.2067
iqENm11rIn,4,-29.6867,-26.7863,-29.2983
YeDEJD2nkG,4,-29.6867,-26.7863,-29.2983
awgTVrFpJy,4,-36.8738,-39.185,-0.0818
cwgxs2Hcgp,2,-30.6713,NA,NA
B3r4OsOsOI,4,11.4208,11.6978,-1.6536
Lpj0z9LkSX,4,30.2132,49.8275,27.0755
aogBxSMHsE,2,-30.6713,NA,NA
0KmdrI1CNn,4,6.6664,35.2506,4.1819
rMxPdRCkJO,4,30.2132,49.8275,27.0755
MyS7ILL4wr,4,6.901,6.0024,14.2067
Wtj0vTAVjr,2,22.0981,NA,NA
z4z1I9Kqhy,4,6.901,6.0024,14.2067
UDxyl3uIgj,4,-29.6867,-26.7863,-29.2983
Eq9aFwMz46,4,21.5363,19.1871,0.2407
N04Eyqw93N,4,30.2132,49.8275,27.0755
yrPtM3kuRz,4,6.6664,35.2506,4.1819
8sDnmVOT5f,4,21.5363,19.1871,0.2407
f4x1QBo9Ys,4,30.2132,49.8275,27.0755
gleP5I61l3,4,21.5363,19.1871,0.2407
j1NQHPGM0X,4,33.877,33.2408,42.1308
ccZ0X8Fn72,2,-30.6713,NA,NA
0H3jXFyGnx,4,11.4208,11.6978,-1.6536
rCqYH706F3,4,-36.8738,-39.185,-0.0818
WbR7Miy3DP,4,6.6664,35.2506,4.1819
i8JFTyYZ6X,4,33.877,33.2408,42.1308
QItLJUWEM5,4,6.901,6.0024,14.2067
KeVMRXLPPT,4,-29.6867,-26.7863,-29.2983
WBSB8MRPow,4,33.877,33.2408,42.1308
eTIqG8Tg6c,4,21.5363,19.1871,0.2407
nqcUeYYXZI,4,6.901,6.0024,14.2067
sS8HmFYSlg,4,6.901,6.0024,14.2067
hSV1lM7t15,4,-29.6867,-26.7863,-29.2983
ysz7VY2wIv,4,33.877,33.2408,42.1308
I8dUT6Xy2r,4,6.6664,35.2506,4.1819
1oImkktZel,2,39.3822,NA,NA
JrLS9xFUmH,4,30.2132,49.8275,27.0755
n6S1wOEZRo,4,30.2132,49.8275,27.0755
Gx889v2r1O,2,22.0981,NA,NA
GTRMqVOSHa,4,11.4208,11.6978,-1.6536
xkjJdPSPTn,4,11.4208,11.6978,-1.6536
eMoG683ZBU,4,33.877,33.2408,42.1308
07o4imgW7D,2,-30.6713,NA,NA
xfXKt2vxeQ,4,6.6664,35.2506,4.1819
elaegk2QpB,2,39.3822,NA,NA
iakmQA6oS0,2,22.0981,NA,NA
Aasj1bpGbD,2,22.0981,NA,NA
ujF7gDzIGB,2,39.3822,NA,NA
udpqv3x1fC,4,33.877,33.2408,42.1308
efbRNmLD7k,4,11.4208,11.6978,-1.6536
9WJWsL4hqy,2,22.0981,NA,NA
CM5FRq6EZC,4,6.6664,35.2506,4.1819
8o2hVbmPhd,4,11.4208,11.6978,-1.6536
5ZEauI7d4T,4,6.6664,35.2506,4.1819
UevfAVRegg,2,39.3822,NA,NA
bS2PqAH18g,4,30.2132,49.8275,27.0755
OnJj60SfR9,4,11.4208,11.6978,-1.6536
w0Jc4gYtcD,4,6.6664,35.2506,4.1819
WP8ZbEkEa1,4,-36.8738,-39.185,-0.0818
F3cffH45B1,2,39.3822,NA,NA
h91kJw7MvV,2,22.0981,NA,NA
yystTiZEcf,2,-30.6713,NA,NA
uO1mx3mtB6,4,6.901,6.0024,14.2067
BXsE3sTcFW,4,21.5363,19.1871,0.2407
i801j3OhKl,4,-29.6867,-26.7863,-29.2983
6ti93EiszP,2,22.0981,NA,NA
CdLYdbjSBO,4,-29.6867,-26.7863,-29.2983
3sZ9GBbBaV,4,30.2132,49.8275,27.0755
klFT0y4LLj,4,6.6664,35.2506,4.1819
omLcinnsED,4,30.2132,49.8275,27.0755
h36ryQ4IYD,4,6.6664,35.2506,4.1819
y5fWsEGvXU,4,6.901,6.0024,14.2067
Bv0J8TVWOs,4,-36.8738,-39.185,-0.0818
dLLiZUpa5u,2,-30.6713,NA,NA
eIOc5As04K,4,11.4208,11.6978,-1.6536
GEY7NMTZ1k,4,30.2132,49.8275,27.0755
6DZ1Dc4ZwU,2,22.0981,NA,NA
z1ZJ2m9TXd,4,30.2132,49.8275,27.0755
b9xDYajbSL,4,-29.6867,-26.7863,-29.2983
Wv5bibZNd8,4,6.6664,35.2506,4.1819
eZ7XJD5zuu,4,11.4208,11.6978,-1.6536
U4CkXFlZdS,4,6.901,6.0024,14.2067
5FjQenEe6b,4,6.6664,35.2506,4.1819
1dFJZ3LTSJ,4,6.901,6.0024,14.2067
tyrl7HjEiw,2,22.0981,NA,NA
xoIDBWKcqB,4,33.877,33.2408,42.1308
5ste8nhmsi,4,-36.8738,-39.185,-0.0818
UjhY3iPyLs,4,-36.8738,-39.185,-0.0818
VEUhHZsn5x,2,-30.6713,NA,NA
DxLtWJzSG4,2,39.3822,NA,NA
rCOcwYlv7l,4,6.6664,35.2506,4.1819
AIOAdS1oGE,4,-36.8738,-39.185,-0.0818
hxrcGgm15U,2,-30.6713,NA,NA
tgHxgMY5x0,2,22.0981,NA,NA
HW8AETQdBV,4,-29.6867,-26.7863,-29.2983
xvuCEO9GSI,2,39.3822,NA,NA
7LWmiX7Pd4,4,33.877,33.2408,42.1308
9z7MgwBxwe,4,-29.6867,-26.7863,-29.2983
i5QtLGUlmJ,2,22.0981,NA,NA
ZSsOL2hEoy,4,21.5363,19.1871,0.2407
z3eTWvjVXP,4,6.6664,35.2506,4.1819
3XEb0YVvEg,2,39.3822,NA,NA
Wd6PTzW4j2,4,6.6664,35.2506,4.1819
sbcQRJfLvA,4,-29.6867,-26.7863,-29.2983
FDMQmaEqCy,2,39.3822,NA,NA
xcoLI9tGX7,2,39.3822,NA,NA
MAOAxumpiG,4,-29.6867,-26.7863,-29.2983
RxMRUtgKVO,4,-29.6867,-26.7863,-29.2983
5jqFbOwjgG,2,39.3822,NA,NA
ypGiyjFRXU,4,6.6664,35.2506,4.1819
GMsWC2NhBT,2,39.3822,NA,NA
SPEA6TzoDd,2,39.3822,NA,NA
FJzoXei6Yo,4,-36.8738,-39.185,-0.0818
sdwnD2rqkr,4,30.2132,49.8275,27.0755
uZ8LmFsPYs,4,6.901,6.0024,14.2067
CNm6PK8FZ7,4,-36.8738,-39.185,-0.0818
9Q4vhzXNhE,4,33.877,33.2408,42.1308
ap87HjAYOZ,4,11.4208,11.6978,-1.6536
1uRz2pUFkG,2,39.3822,NA,NA
7kkJDPaY1H,4,-29.6867,-26.7863,-29.2983
ThiI61Y7EK,4,-36.8738,-39.185,-0.0818
goDJ3Iv27K,4,21.5363,19.1871,0.2407
NeZlTaXUja,4,11.4208,11.6978,-1.6536
iA4nvCJHAy,4,33.877,33.2408,42.1308
CFk0fgr6Cn,2,39.3822,NA,NA
Zvx5EgBtiu,4,6.901,6.0024,14.2067
kKtOqiiXoo,4,21.5363,19.1871,0.2407
23WdceelH1,4,33.877,33.2408,42.1308
5dD8kPlR5K,2,22.0981,NA,NA
4kBxRoFtZn,4,-36.8738,-39.185,-0.0818
XEj4H4qQWW,4,11.4208,11.6978,-1.6536
gykrtn5MWg,4,11.4208,11.6978,-1.6536
WCU2ttzNij,4,-29.6867,-26.7863,-29.2983
UsQRg7VnQW,4,33.877,33.2408,42.1308
k85IisNk8a,4,11.4208,11.6978,-1.6536
G8Yj4uqNUA,4,-36.8738,-39.185,-0.0818
WCcI1GjPLJ,2,-30.6713,NA,NA
fXP22LskaK,4,33.877,33.2408,42.1308
WpLpno5ZkM,4,6.6664,35.2506,4.1819
qTfWq8tP2F,4,11.4208,11.6978,-1.6536
hcAwYkuYW6,4,6.901,6.0024,14.2067
ekRBiY3Qg3,4,6.6664,35.2506,4.1819
LTf8Ou0Ry0,2,-30.6713,NA,NA
spQERj5UOh,4,30.2132,49.8275,27.0755
kOYTKRH4l7,4,-29.6867,-26.7863,-29.2983
6Qv9tdHzut,2,-30.6713,NA,NA
t9pPOpy8sb,4,6.6664,35.2506,4.1819
rpsGGNY2Wu,4,21.5363,19.1871,0.2407
8bZMboVvwZ,4,33.877,33.2408,42.1308
UszYubS605,2,22.0981,NA,NA
kHqTH7Q2DI,4,6.6664,35.2506,4.1819
TZuts5IZrE,4,21.5363,19.1871,0.2407
mzqMM6Yy99,4,-36.8738,-39.185,-0.0818
poUtHwmA04,4,33.877,33.2408,42.1308
0RbtbfoVc2,2,22.0981,NA,NA
e1tXHpAocN,4,-36.8738,-39.185,-0.0818
vST5O3MjZe,4,21.5363,19.1871,0.2407
M3enaApYT3,4,-36.8738,-39.185,-0.0818
drYp3urwte,4,6.6664,35.2506,4.1819
T1I4woisUi,4,11.4208,11.6978,-1.6536
2ebvs0bwCC,4,-36.8738,-39.185,-0.0818
U0ZSJayAkF,2,-30.6713,NA,NA
KFrqjqGdNm,2,22.0981,NA,NA
vzQ84iM00N,4,6.6664,35.2506,4.1819
iVWJgGtcfi,2,22.0981,NA,NA
592hg4phNF,4,6.901,6.0024,14.2067
Q7edCz84kR,2,-30.6713,NA,NA
M03CQdh2BK,4,11.4208,11.6978,-1.6536
AlA8FrtfUJ,4,-36.8738,-39.185,-0.0818
8vhme0oEKC,4,11.4208,11.6978,-1.6536
Nc0e2DHwDJ,2,-30.6713,NA,NA
HlBjweEMOa,2,39.3822,NA,NA
AYJZFmtUGI,4,6.6664,35.2506,4.1819
0SoSNQYpXw,2,22.0981,NA,NA
uP9lw8DaBA,4,11.4208,11.6978,-1.6536
hRFocNVp9R,4,-36.8738,-39.185,-0.0818
0yIZXKWSYM,4,11.4208,11.6978,-1.6536
yqgIjVGprV,4,33.877,33.2408,42.1308
DPhObM6xyY,4,33.877,33.2408,42.1308
E7qfRhpCqp,4,-36.8738,-39.185,-0.0818
1PnfDnVyzr,4,-36.8738,-39.185,-0.0818
owLgPdqpJM,4,6.6664,35.2506,4.1819
SueeXEsV0e,2,39.3822,NA,NA
gGQ0YxK252,4,21.5363,19.1871,0.2407
WsEmDLnaSe,2,39.3822,NA,NA
OUNkUu6v11,2,39.3822,NA,NA
5p2v9hIKk8,4,33.877,33.2408,42.1308
DsYIZjY0G6,4,33.877,33.2408,42.1308
ClltoRbyyU,4,11.4208,11.6978,-1.6536
mNoSAL8s8y,4,21.5363,19.1871,0.2407
Zirnoad5yy,4,6.6664,35.2506,4.1819
nSgvmHsE1R,4,21.5363,19.1871,0.2407
FUNxKRguXO,4,21.5363,19.1871,0.2407
FTHa5Yj4LE,2,22.0981,NA,NA
88KiG2DN3H,4,11.4208,11.6978,-1.6536
PxP8xFjwsW,4,33.877,33.2408,42.1308
PonQHBfRb6,4,-36.8738,-39.185,-0.0818
Z4YuP0nDBC,2,39.3822,NA,NA
j0vum8BgH8,4,-29.6867,-26.7863,-29.2983
c8AcQ46Oxc,4,11.4208,11.6978,-1.6536
YPhXX5NuzE,4,30.2132,49.8275,27.0755
wbBr1u0mZ8,4,6.6664,35.2506,4.1819
5DAraEezcl,4,11.4208,11.6978,-1.6536
RCMkNFgGOs,4,-36.8738,-39.185,-0.0818
td7LeXHjik,2,39.3822,NA,NA
2fOIIAWHaW,4,6.6664,35.2506,4.1819
cT1jhWghhO,4,11.4208,11.6978,-1.6536
1xrcftGZsc,4,-29.6867,-26.7863,-29.2983
Dv2dbaZcXQ,4,30.2132,49.8275,27.0755
Hef92g2mIq,2,-30.6713,NA,NA
aNAq2enHDN,4,-36.8738,-39.185,-0.0818
Vp9viIknDo,4,11.4208,11.6978,-1.6536
nrniigI4PM,4,6.6664,35.2506,4.1819
wXb3EpXy27,4,6.6664,35.2506,4.1819
78DqwcMJGH,4,33.877,33.2408,42.1308
0STItT00XV,4,-29.6867,-26.7863,-29.2983
1IfP8DptUG,4,21.5363,19.1871,0.2407
tkipBhYQbu,4,6.901,6.0024,14.2067
3TS7SVa5ak,4,30.2132,49.8275,27.0755
uSVQszKrOr,4,6.901,6.0024,14.2067
7vnljzfl4y,2,-30.6713,NA,NA
r6qc1fKauk,4,21.5363,19.1871,0.2407
WtWGdzh9X5,4,30.2132,49.8275,27.0755
YQj1Dm5mpZ,2,22.0981,NA,NA
wEq2INch3u,4,11.4208,11.6978,-1.6536
ePA7WSsiEI,4,-29.6867,-26.7863,-29.2983
7UBGOimVMi,4,11.4208,11.6978,-1.6536
LCovF8A4rk,4,6.901,6.0024,14.2067
vGNFcly3Sd,4,21.5363,19.1871,0.2407
pI2xyvJi90,4,6.901,6.0024,14.2067
JQziN76vlr,2,39.3822,NA,NA
CEP901YtWw,4,-36.8738,-39.185,-0.0818
lAbDYYsQKb,2,-30.6713,NA,NA
c4SlqKXmkG,4,6.901,6.0024,14.2067
Jfa24SjLIR,4,-29.6867,-26.7863,-29.2983
eBDKagtP57,2,22.0981,NA,NA
i5NrXSeHvi,4,-29.6867,-26.7863,-29.2983
tS93k4uc3D,2,-30.6713,NA,NA
SqYF2C4szf,4,21.5363,19.1871,0.2407
NufXbPFK97,4,33.877,33.2408,42.1308
TOK3jX8NOx,4,11.4208,11.6978,-1.6536
1rNJvzjQMB,4,-29.6867,-26.7863,-29.2983
FS27JabKEF,4,30.2132,49.8275,27.0755
PeRUPIiF6c,4,33.877,33.2408,42.1308
wsa8q4VA6e,4,6.6664,35.2506,4.1819
Xa0ymgo2IL,4,-29.6867,-26.7863,-29.2983
f2rUzSLbig,2,39.3822,NA,NA
ts6PSjxYH3,2,-30.6713,NA,NA
1RBVSL1Qnl,4,6.901,6.0024,14.2067
2BOHTHWKXe,4,33.877,33.2408,42.1308
kYUPspBr7P,2,22.0981,NA,NA
nC84xqZBhP,4,-36.8738,-39.185,-0.0818
nn8HGD1aVD,4,-36.8738,-39.185,-0.0818
DzYohpPvxK,4,-36.8738,-39.185,-0.0818
6E76wlkuFO,2,-30.6713,NA,NA
aixbnbf85Q,4,33.877,33.2408,42.1308
wKIGRlchr8,4,-36.8738,-39.185,-0.0818
lnxUacvLMM,4,33.877,33.2408,42.1308
eSv6iPLyWC,2,-30.6713,NA,NA
TuLPtzjk6I,4,33.877,33.2408,42.1308
syF2uxS0vq,4,-29.6867,-26.7863,-29.2983
hhSPkd7pU6,2,22.0981,NA,NA
ZSgLcZ4GLk,2,-30.6713,NA,NA
UBBIs1Zism,2,22.0981,NA,NA
fJcPIprYeZ,4,33.877,33.2408,42.1308
XPiJDGnZr0,4,11.4208,11.6978,-1.6536
B7cLdQPKnF,2,39.3822,NA,NA
fwdwYkV1iY,2,22.0981,NA,NA
TW4kB4zGiM,4,21.5363,19.1871,0.2407
ifkpFLZqkT,2,39.3822,NA,NA
SErQMjr1S8,2,39.3822,NA,NA
dieXjdY8vq,4,-29.6867,-26.7863,-29.2983
YNzE406aVE,4,-36.8738,-39.185,-0.0818
51HD0BU4UI,4,6.901,6.0024,14.2067
Kq8oIFcH4f,4,30.2132,49.8275,27.0755
xZVJKBwJdA,2,39.3822,NA,NA
yiTbSWkkYm,2,-30.6713,NA,NA
qJxMt5PPii,4,6.6664,35.2506,4.1819
4olNLjJEnj,4,6.901,6.0024,14.2067
Vztnhar50c,4,6.901,6.0024,14.2067
Mt8Y1T4mgy,2,22.0981,NA,NA
I9ZIg1U4Zm,4,11.4208,11.6978,-1.6536
fY90o6SCfV,4,-29.6867,-26.7863,-29.2983
9urUXVqBBq,4,6.6664,35.2506,4.1819
TSdgbnDybD,4,33.877,33.2408,42.1308
LTcEvFmbja,4,6.6664,35.2506,4.1819
t3hjlUR05D,4,21.5363,19.1871,0.2407
M61v2Cs53a,4,30.2132,49.8275,27.0755
Hu99oBn6K4,2,39.3822,NA,NA
S4O3v0hVqd,4,-36.8738,-39.185,-0.0818
FAbTdDM9qh,4,33.877,33.2408,42.1308
elDmqD4CTy,4,-36.8738,-39.185,-0.0818
EEFPW0wPru,2,22.0981,NA,NA
o6LduqUrSp,4,11.4208,11.6978,-1.6536
WAZqRdXjVM,4,30.2132,49.8275,27.0755
xX489tDvR7,4,30.2132,49.8275,27.0755
QEPhuU3Cgh,4,6.901,6.0024,14.2067
rnc23SKXNZ,4,33.877,33.2408,42.1308
ymkouPgp04,4,6.6664,35.2506,4.1819
mMY4rzhuTx,4,33.877,33.2408,42.1308
C6WrZtoCKv,4,11.4208,11.6978,-1.6536
9LLWUoLCw9,4,-36.8738,-39.185,-0.0818
mLgwwFbkOz,4,6.6664,35.2506,4.1819
kWmjUBI3QG,2,39.3822,NA,NA
IfeLOG4Py6,4,-29.6867,-26.7863,-29.2983
syr1J0EOxu,4,33.877,33.2408,42.1308
xsZPjA7dJo,4,21.5363,19.1871,0.2407
yACyt5huve,2,39.3822,NA,NA
K5F9UJO3o6,4,-29.6867,-26.7863,-29.2983
afRSARmZQs,4,33.877,33.2408,42.1308
l0BYcDL04R,2,39.3822,NA,NA
Abmo5s1nfp,2,-30.6713,NA,NA
aAfTw38GXP,4,6.6664,35.2506,4.1819
qKTLA8x4SJ,4,33.877,33.2408,42.1308
nhrCG4HBHo,2,39.3822,NA,NA
CsCkneFTV5,2,22.0981,NA,NA
ZLh7aOs98p,4,6.6664,35.2506,4.1819
pO7pEefyaZ,4,-36.8738,-39.185,-0.0818
uHIJlp44vC,4,6.6664,35.2506,4.1819
3MGlf1nqKT,4,30.2132,49.8275,27.0755
mOfRDL9h5m,4,-36.8738,-39.185,-0.0818
xbz1G0l6UR,4,21.5363,19.1871,0.2407
kOn3YJlvbJ,4,33.877,33.2408,42.1308
EIJ6A4OzqA,4,21.5363,19.1871,0.2407
PRXUoNoTCO,2,22.0981,NA,NA
rai69sRaze,4,30.2132,49.8275,27.0755
tuQxnXL67S,2,22.0981,NA,NA
hkYxuXZ0kX,4,30.2132,49.8275,27.0755
AFOBIg0ssS,4,-36.8738,-39.185,-0.0818
RUigw5slwf,4,11.4208,11.6978,-1.6536
If6f9vkRPa,4,30.2132,49.8275,27.0755
XJBlCZGitT,4,-29.6867,-26.7863,-29.2983
bRUh8KZTLB,4,6.901,6.0024,14.2067
XjRzwNzEkQ,2,-30.6713,NA,NA
ZpDZ3rrwZm,4,6.6664,35.2506,4.1819
lv2a4bbnEy,2,22.0981,NA,NA
YEh8jP6mYI,4,33.877,33.2408,42.1308
KXKYKVGV0B,4,30.2132,49.8275,27.0755
oZ536aZBYn,2,39.3822,NA,NA
W1HycfenbX,4,-29.6867,-26.7863,-29.2983
CTy6HClZO5,4,-36.8738,-39.185,-0.0818
Smey3UjVr7,4,33.877,33.2408,42.1308
MYRedK6gh3,4,30.2132,49.8275,27.0755
disOwjWix7,2,39.3822,NA,NA
socxC7P92r,4,33.877,33.2408,42.1308
GiuTw29pGG,4,-36.8738,-39.185,-0.0818
l5cwl3p4St,2,-30.6713,NA,NA
5vgiWHdyz8,4,6.901,6.0024,14.2067
QFHpTEMdrn,2,-30.6713,NA,NA
aoM9HkXayg,4,6.6664,35.2506,4.1819
LHKMf9YekI,4,6.901,6.0024,14.2067
DUMvQzBmcM,4,11.4208,11.6978,-1.6536
nGx4JxKB5e,4,33.877,33.2408,42.1308
MhRtYe6TIK,2,39.3822,NA,NA
FjR2UPXsUj,2,22.0981,NA,NA
FA5fB9yA9V,2,22.0981,NA,NA
hGwRhmPGMl,4,11.4208,11.6978,-1.6536
dTn4QsWZ3C,4,6.6664,35.2506,4.1819
RCPz1IXD7Z,4,6.901,6.0024,14.2067
t2Ca8EMfEl,2,22.0981,NA,NA
k1qVb45wzZ,2,22.0981,NA,NA
RV6SvbxiS9,4,33.877,33.2408,42.1308
Drwbnh4anU,4,6.901,6.0024,14.2067
CAg6BSddaj,2,39.3822,NA,NA
rtj8MoAVpL,2,-30.6713,NA,NA
VghrZ6N0Yl,2,22.0981,NA,NA
PpZIdr2kuB,4,30.2132,49.8275,27.0755
CPSxOtP88f,4,6.6664,35.2506,4.1819
xAGVtH72WC,2,22.0981,NA,NA
XWDzRs3fEu,2,39.3822,NA,NA
nGtKEA2u6l,4,-29.6867,-26.7863,-29.2983
SL8Jgx4wDH,2,-30.6713,NA,NA
ArgL3jMnZg,4,-36.8738,-39.185,-0.0818
RL3ux3cXls,4,21.5363,19.1871,0.2407
823FWM9P8y,2,39.3822,NA,NA
mmRhqifCb0,4,-36.8738,-39.185,-0.0818
69Xvlcq46p,2,22.0981,NA,NA
Tgqu73G1Ac,4,30.2132,49.8275,27.0755
iTmkGFbsYc,4,6.901,6.0024,14.2067
PXHzbCLsbL,2,39.3822,NA,NA
K4oJztjWKD,2,-30.6713,NA,NA
z86fOCeYPw,4,21.5363,19.1871,0.2407
vfCDEq91mN,2,22.0981,NA,NA
zd25ZElzVg,2,22.0981,NA,NA
V85G4yjo1E,4,6.901,6.0024,14.2067
3zjfpaxbNm,2,22.0981,NA,NA
jCukUN8xrk,4,30.2132,49.8275,27.0755
11IwCk32CF,4,-29.6867,-26.7863,-29.2983
z9Tfbpshl2,2,39.3822,NA,NA
Vw7XIHW89U,4,-29.6867,-26.7863,-29.2983
5pSz1ucb0R,4,30.2132,49.8275,27.0755
HsVbdHK3tk,4,33.877,33.2408,42.1308
AkanbvmPSY,4,33.877,33.2408,42.1308
4xsd0cnr7i,4,6.901,6.0024,14.2067
YQXlCkZFMt,4,30.2132,49.8275,27.0755
zkoJRzewr8,4,6.6664,35.2506,4.1819
KnMK8xRBbG,4,6.6664,35.2506,4.1819
rvtogYNCih,2,39.3822,NA,NA
qy0e8VDCMY,4,21.5363,19.1871,0.2407
syRyiPloOm,4,33.877,33.2408,42.1308
IKXtoL8ZFp,4,6.901,6.0024,14.2067
plMiVLiR3g,4,30.2132,49.8275,27.0755
SC4QuCa4xD,4,33.877,33.2408,42.1308
zqcORcrGwI,4,30.2132,49.8275,27.0755
6D3LHeItD0,4,6.6664,35.2506,4.1819
11shQ83EUK,2,22.0981,NA,NA
CkKEaBN7Qg,4,33.877,33.2408,42.1308
JQlg3mcgsn,4,11.4208,11.6978,-1.6536
wcyWNPwVMi,4,-29.6867,-26.7863,-29.2983
lTf45zTWeX,4,-36.8738,-39.185,-0.0818
njcSDpAr3c,4,21.5363,19.1871,0.2407
uBTzgn1EF8,4,11.4208,11.6978,-1.6536
EknHlp128F,4,30.2132,49.8275,27.0755
DrfgiVsjy1,4,21.5363,19.1871,0.2407
1CHZ9JsOsP,2,-30.6713,NA,NA
jdjBl2nr1w,2,-30.6713,NA,NA
ACJTq6hDfj,4,-29.6867,-26.7863,-29.2983
56QY82x7zi,4,6.901,6.0024,14.2067
o2LIyaEEJ2,4,6.6664,35.2506,4.1819
AJ0EPRgCTS,4,-29.6867,-26.7863,-29.2983
Z0KOo4uxsw,4,-36.8738,-39.185,-0.0818
NNoQQBbJAN,4,-36.8738,-39.185,-0.0818
QoZexLIwvt,4,-29.6867,-26.7863,-29.2983
vkGo2ncXt8,4,33.877,33.2408,42.1308
zkxAHBf36P,4,33.877,33.2408,42.1308
gaK1RXkrlF,4,21.5363,19.1871,0.2407
v0nPMLNetl,4,30.2132,49.8275,27.0755
15vA0lQCkh,4,33.877,33.2408,42.1308
Uy8RhirbpF,4,21.5363,19.1871,0.2407
IsaI1ccRGJ,2,-30.6713,NA,NA
BcnTTPQuZy,2,22.0981,NA,NA
fTvU8q6RBo,4,6.901,6.0024,14.2067
ZxKf59V8Og,4,6.901,6.0024,14.2067
w8VHzIEi99,4,6.901,6.0024,14.2067
uysEt1KhRJ,4,-29.6867,-26.7863,-29.2983
SIAALU3qKm,4,6.6664,35.2506,4.1819
7kX6tJJ2ea,4,6.6664,35.2506,4.1819
7kWlgBH8YX,4,-29.6867,-26.7863,-29.2983
QpKb4i9oU5,4,11.4208,11.6978,-1.6536
BS6LnXkaNQ,4,-36.8738,-39.185,-0.0818
ZSj4N50Tt4,4,-29.6867,-26.7863,-29.2983
aU6WE38EHT,4,33.877,33.2408,42.1308
X4OMixgdav,4,33.877,33.2408,42.1308
8xG22wLQTO,4,30.2132,49.8275,27.0755
z8wFZfxBXC,4,6.6664,35.2506,4.1819
N6I7C7cj4d,4,-36.8738,-39.185,-0.0818
i21WV27o4x,2,-30.6713,NA,NA
GlJzPMqiez,2,-30.6713,NA,NA
fyk5BzMSjr,4,33.877,33.2408,42.1308
IEJZreomQz,2,-30.6713,NA,NA
tbtefIoKdV,4,33.877,33.2408,42.1308
O4mwpzSoxS,4,6.901,6.0024,14.2067
hmrvbQjrTa,2,39.3822,NA,NA
zrJawS1YLs,2,-30.6713,NA,NA
R6IwrwMH3V,4,6.6664,35.2506,4.1819
dmB8sBZkCA,4,30.2132,49.8275,27.0755
7z62Y0W0sk,4,6.901,6.0024,14.2067
GmVGko2dG7,4,6.6664,35.2506,4.1819
OaYN124eoE,4,-36.8738,-39.185,-0.0818
gQn5fLLiKJ,2,22.0981,NA,NA
bY6hISkYtH,4,33.877,33.2408,42.1308
t8zdH4J7sB,2,39.3822,NA,NA
ghNGPIVfmN,2,22.0981,NA,NA
R6v7ZSZDli,4,-29.6867,-26.7863,-29.2983
G76G3WX0Du,4,6.901,6.0024,14.2067
wOQ2v8XUwA,4,30.2132,49.8275,27.0755
fxXBXbs0JV,2,39.3822,NA,NA
Te6f6kOEnu,4,30.2132,49.8275,27.0755
qPADS8pxxN,4,33.877,33.2408,42.1308
gxU7A3JGQl,2,39.3822,NA,NA
yktbPoZMul,4,33.877,33.2408,42.1308
IemWy4PmnT,4,30.2132,49.8275,27.0755
3d8Sds4VYi,4,-29.6867,-26.7863,-29.2983
hwagnLeosm,4,6.6664,35.2506,4.1819
pfrlF1NJrq,2,39.3822,NA,NA
N7ZsHYLQW1,4,33.877,33.2408,42.1308
eyPohTNs4Z,4,6.6664,35.2506,4.1819
fYWD94FKpe,4,-29.6867,-26.7863,-29.2983
Zjxzi5vdrq,4,21.5363,19.1871,0.2407
zQFyptq4XZ,4,33.877,33.2408,42.1308
Oc8Hs7qpEQ,2,22.0981,NA,NA
nLr1o6u1uG,4,21.5363,19.1871,0.2407
WtKbxCLGSn,4,-36.8738,-39.185,-0.0818
vDjqGuqdtn,2,-30.6713,NA,NA
K7Q5OoBUAW,4,-29.6867,-26.7863,-29.2983
lXxzLfmR31,4,-36.8738,-39.185,-0.0818
KsLn68wXeY,2,-30.6713,NA,NA
GdUwzA8JbG,2,22.0981,NA,NA
07eEUoXrSR,4,-29.6867,-26.7863,-29.2983
GiK8WEj5qz,4,-36.8738,-39.185,-0.0818
Pp5yBCXkDD,2,22.0981,NA,NA
3fXamzYLgQ,4,-36.8738,-39.185,-0.0818
GI3UDOA91q,2,39.3822,NA,NA
URpw8XHjP2,4,30.2132,49.8275,27.0755
kSwtho49bj,2,22.0981,NA,NA
4v0fPGjQhe,4,6.6664,35.2506,4.1819
30TH25B4aC,4,-36.8738,-39.185,-0.0818
gX5xTubtHr,4,6.901,6.0024,14.2067
oj6MwBgfB4,4,30.2132,49.8275,27.0755
4yai5NJruJ,4,30.2132,49.8275,27.0755
rGPy3bA5Mw,4,33.877,33.2408,42.1308
GhM83jxtMn,4,-36.8738,-39.185,-0.0818
i0baLAnnOP,2,39.3822,NA,NA
Kjj1KlTxzi,4,11.4208,11.6978,-1.6536
KN2zfy5WKe,4,30.2132,49.8275,27.0755
Z5JqZ5Rcp4,4,-29.6867,-26.7863,-29.2983
tKt1RtV1RW,4,21.5363,19.1871,0.2407
yXFEGeYETa,4,6.6664,35.2506,4.1819
6KoxSjDzr7,4,11.4208,11.6978,-1.6536
Sng48vwQpg,4,30.2132,49.8275,27.0755
FVoSztedKO,2,22.0981,NA,NA
P3kB16voxv,4,21.5363,19.1871,0.2407
XHvanxRYCL,4,-29.6867,-26.7863,-29.2983
8niqTnfYm6,4,11.4208,11.6978,-1.6536
TASqW5IRpZ,4,6.901,6.0024,14.2067
uI1tKI9gGj,4,33.877,33.2408,42.1308
1eBPnpKX21,4,6.6664,35.2506,4.1819
xDTEOcvMNn,4,11.4208,11.6978,-1.6536
739gvHpanw,2,39.3822,NA,NA
s6S89vyW2m,2,39.3822,NA,NA
GlpAUUCR54,4,33.877,33.2408,42.1308
dJBURZcPot,4,-29.6867,-26.7863,-29.2983
WcnM1FrZjH,4,33.877,33.2408,42.1308
g4cfvPOkFA,4,30.2132,49.8275,27.0755
of0d7CUSNv,4,21.5363,19.1871,0.2407
OhFb3QVnRy,2,22.0981,NA,NA
4VNL3ZuQnK,4,6.901,6.0024,14.2067
CiZFq1XGz8,2,39.3822,NA,NA
vjudAqzEfS,4,-36.8738,-39.185,-0.0818
uKRoTU3Fl3,4,21.5363,19.1871,0.2407
DIsiP7kzEy,4,11.4208,11.6978,-1.6536
ne3frutCVC,2,22.0981,NA,NA
56WWMafj7N,2,-30.6713,NA,NA
VFiXMrjKdk,2,-30.6713,NA,NA
YsmH4FH5gg,4,-29.6867,-26.7863,-29.2983
Ym2gavuLyM,4,11.4208,11.6978,-1.6536
LTyQJ7ISnH,2,22.0981,NA,NA
v64qF93rb6,2,39.3822,NA,NA
OLmbOmoV7W,4,30.2132,49.8275,27.0755
MoeGp6qNFB,2,39.3822,NA,NA
dG8THL13Mt,4,-36.8738,-39.185,-0.0818
Wvv8IQheR6,4,33.877,33.2408,42.1308
bMlzmUPQOM,4,33.877,33.2408,42.1308
U5E3SD3bZX,4,11.4208,11.6978,-1.6536
UMfwfOYPsU,4,6.901,6.0024,14.2067
KJBthiAY4w,2,-30.6713,NA,NA
Ddmasfuq6o,4,30.2132,49.8275,27.0755
lBuSUsdg50,4,11.4208,11.6978,-1.6536
UkjTt75ajg,4,21.5363,19.1871,0.2407
nsFNrTwlcC,4,6.901,6.0024,14.2067
Po8GQJ5hb8,4,-29.6867,-26.7863,-29.2983
52SY2lQNnm,2,-30.6713,NA,NA
GVen1tXGog,4,6.901,6.0024,14.2067
gMyFYMOhSQ,2,-30.6713,NA,NA
TZ1di5ahAf,2,-30.6713,NA,NA
UG3inWFmZa,2,22.0981,NA,NA
QgvxkUruRU,2,39.3822,NA,NA
3cSAa4ulKN,4,-36.8738,-39.185,-0.0818
GrjZsM9uKD,2,39.3822,NA,NA
Hd0ubwpvCz,4,6.6664,35.2506,4.1819
rb6xzdiq1c,2,-30.6713,NA,NA
OpgseoWcO1,2,22.0981,NA,NA
9MT4oDHETG,4,33.877,33.2408,42.1308
UXLKOggxb4,4,6.901,6.0024,14.2067
oLYQmfjsNh,4,6.6664,35.2506,4.1819
hGtNepNjKF,2,-30.6713,NA,NA
ItB7OFkTP1,4,33.877,33.2408,42.1308
kzYhgcKnc3,4,-36.8738,-39.185,-0.0818
JLWBUQ6Cq4,4,11.4208,11.6978,-1.6536
QrxCjbnOOn,4,30.2132,49.8275,27.0755
FB0eBfgTrT,4,21.5363,19.1871,0.2407
UD5LH1Y89I,4,33.877,33.2408,42.1308
tcsymb7v4W,2,-30.6713,NA,NA
NubhpM610K,4,11.4208,11.6978,-1.6536
hhS6JsFXpe,2,-30.6713,NA,NA
kOM6fE4pP9,4,21.5363,19.1871,0.2407
QDWLSVtGN9,4,30.2132,49.8275,27.0755
9yaCtWzJAj,4,11.4208,11.6978,-1.6536
BCRpURrzfB,4,6.901,6.0024,14.2067
QE9Nlm8z4B,4,11.4208,11.6978,-1.6536
tZ4pjytUfi,4,6.901,6.0024,14.2067
I77fpPClGY,4,30.2132,49.8275,27.0755
ttEZFV7kSM,4,33.877,33.2408,42.1308
acUsIEk5sk,4,6.6664,35.2506,4.1819
tRCrlVsyJa,2,-30.6713,NA,NA
DwJksf0fZr,4,6.6664,35.2506,4.1819
vXTvKfvcef,4,11.4208,11.6978,-1.6536
8WyZ8TAd4m,4,6.901,6.0024,14.2067
rYTb8Tof1S,2,-30.6713,NA,NA
nEhGrGvvOQ,4,6.6664,35.2506,4.1819
C1LJSIpyzr,2,22.0981,NA,NA
hAlbNwWKVC,4,-29.6867,-26.7863,-29.2983
96cNNkrEve,4,-29.6867,-26.7863,-29.2983
gO0D99XpFM,4,11.4208,11.6978,-1.6536
6l2MG9klJl,4,6.6664,35.2506,4.1819
fG51yV8aFv,2,-30.6713,NA,NA
VnO7ewyZi1,4,11.4208,11.6978,-1.6536
RfpCMA0Xxj,4,-36.8738,-39.185,-0.0818
meeigPW8NS,4,21.5363,19.1871,0.2407
h5EPJUbpEQ,2,39.3822,NA,NA
E3opXn89ek,4,21.5363,19.1871,0.2407
KNnh6a9AFw,4,-36.8738,-39.185,-0.0818
JaHYpjsDMx,4,30.2132,49.8275,27.0755
n9Ep6A86Ai,2,-30.6713,NA,NA
mJuhmIImMn,4,30.2132,49.8275,27.0755
C3kV5nzchn,4,-36.8738,-39.185,-0.0818
NrXQb1qlXY,4,21.5363,19.1871,0.2407
h34OsKaTDN,2,22.0981,NA,NA
SyUrO1rgn1,4,-36.8738,-39.185,-0.0818
eUDTeR3h3s,2,-30.6713,NA,NA
WkMf9mjVji,4,30.2132,49.8275,27.0755
Aw3MdXCmNC,2,-30.6713,NA,NA
d0nqTga5e3,4,11.4208,11.6978,-1.6536
xxTiuHtOsg,4,6.901,6.0024,14.2067
OF53w2VwkH,4,33.877,33.2408,42.1308
N3O95j0yGb,2,-30.6713,NA,NA
jhHkZZlXsV,2,22.0981,NA,NA
rQn8nEh8tL,4,6.901,6.0024,14.2067
SwXor5ZBmr,2,39.3822,NA,NA
zla3uSZ0OQ,2,39.3822,NA,NA
xIQLYjYraa,4,30.2132,49.8275,27.0755
GnUsVE3FnB,4,11.4208,11.6978,-1.6536
7OGv4P8Y42,4,6.901,6.0024,14.2067
72EcZ0Xu7H,4,11.4208,11.6978,-1.6536
VjQgN5spEb,4,6.6664,35.2506,4.1819
0YQIOhR0Qb,4,11.4208,11.6978,-1.6536
TJF5vvre8A,4,6.901,6.0024,14.2067
3qX4vHJefo,4,21.5363,19.1871,0.2407
ZBESwT3AJZ,2,22.0981,NA,NA
AT34MCg1JQ,2,39.3822,NA,NA
ZFNQOwI0fG,4,-29.6867,-26.7863,-29.2983
wGWWL5YJqY,4,21.5363,19.1871,0.2407
0taJkD380w,2,-30.6713,NA,NA
aYD3YwIvp9,2,22.0981,NA,NA
7Dl2qWieuY,4,-29.6867,-26.7863,-29.2983
XwQslIJOLm,4,11.4208,11.6978,-1.6536
4UFkehjHkb,2,-30.6713,NA,NA
tDGi1WygGn,4,21.5363,19.1871,0.2407
YsveeU4q5e,4,6.901,6.0024,14.2067
72zOqeeb2R,4,-36.8738,-39.185,-0.0818
e7gCiJiJID,4,21.5363,19.1871,0.2407
ELBqjks7eT,4,6.6664,35.2506,4.1819
o7QAh6EFHO,4,6.901,6.0024,14.2067
ZMVZyFXmNj,4,-36.8738,-39.185,-0.0818
T5IJCrmyv5,2,-30.6713,NA,NA
rgAAntx3g2,4,33.877,33.2408,42.1308
slxIsmms8M,4,6.6664,35.2506,4.1819
0F2KB7y6eL,4,-36.8738,-39.185,-0.0818
OWITnWlgv5,4,11.4208,11.6978,-1.6536
GLbknlYNHr,4,6.6664,35.2506,4.1819
YrYAutm0Pk,4,30.2132,49.8275,27.0755
quR9ycQmOb,4,21.5363,19.1871,0.2407
hX4s9Xbkdq,2,22.0981,NA,NA
0iTn1090Qf,4,11.4208,11.6978,-1.6536
YS6BpMA54Y,4,11.4208,11.6978,-1.6536
0XuuwZUQpE,4,6.901,6.0024,14.2067
f0TzqB7H6O,4,33.877,33.2408,42.1308
FwJxsJeMku,4,30.2132,49.8275,27.0755
JQINZg4vp8,4,21.5363,19.1871,0.2407
yseb0rmZAE,4,-29.6867,-26.7863,-29.2983
FoqHkzDBy8,4,30.2132,49.8275,27.0755
zUAZFueoR3,4,21.5363,19.1871,0.2407
pObxz7dBmi,4,33.877,33.2408,42.1308
mDdZ281PJI,4,21.5363,19.1871,0.2407
inJfRSqWpd,4,33.877,33.2408,42.1308
Nd3gZqqxUX,4,-36.8738,-39.185,-0.0818
B3z0uHqP9y,4,-36.8738,-39.185,-0.0818
yZCqhqkAhP,4,21.5363,19.1871,0.2407
bVqtnKi2Vs,2,-30.6713,NA,NA
9VQgYgmD8P,4,-29.6867,-26.7863,-29.2983
2Nx77RteEO,2,-30.6713,NA,NA
VjrRm9eXzT,4,30.2132,49.8275,27.0755
6sMBk5RuKY,4,-36.8738,-39.185,-0.0818
WbQyXqocSj,4,11.4208,11.6978,-1.6536
SWMRnAZNke,4,11.4208,11.6978,-1.6536
U6KPJfDUvt,4,6.901,6.0024,14.2067
Vd5FpUFdMK,4,21.5363,19.1871,0.2407
kxxKgozElt,4,30.2132,49.8275,27.0755
CeR22GyFzZ,4,21.5363,19.1871,0.2407
i4wpIvgW7F,2,-30.6713,NA,NA
3rLOyCb7hh,2,39.3822,NA,NA
hcwiBqP6kY,4,-36.8738,-39.185,-0.0818
MzvsatD6pP,4,-36.8738,-39.185,-0.0818
3PQZMjPiji,4,33.877,33.2408,42.1308
bUH9uZZbVf,2,-30.6713,NA,NA
ycSqBbhx8k,4,33.877,33.2408,42.1308
8JUKHydROt,4,6.6664,35.2506,4.1819
N7BNNzzeqo,2,39.3822,NA,NA
SNgzdSpOY8,4,-36.8738,-39.185,-0.0818
ZmfG6EQgvW,4,-29.6867,-26.7863,-29.2983
xo6JqD55eY,2,22.0981,NA,NA
K9WGmftGOO,4,6.6664,35.2506,4.1819
mA5lPVPtUc,2,-30.6713,NA,NA
bgcpGGr1YD,2,39.3822,NA,NA
ZR55uQo1g4,4,33.877,33.2408,42.1308
4f0b2dNRXI,2,39.3822,NA,NA
uNEZrKPHU9,2,-30.6713,NA,NA
tog5wzesKx,2,39.3822,NA,NA
C1pwKn8lYU,2,-30.6713,NA,NA
MEtu7VohfH,2,-30.6713,NA,NA
C9FQb8DTwB,2,-30.6713,NA,NA
jaZ86Jo5VB,2,-30.6713,NA,NA
Q5ubgGgIGn,4,-29.6867,-26.7863,-29.2983
JeWOw2h6Kw,4,6.6664,35.2506,4.1819
rIIKhJonZ0,4,-36.8738,-39.185,-0.0818
vew7Gl4lTx,4,6.901,6.0024,14.2067
R1pANYkamF,4,21.5363,19.1871,0.2407
VTXo7N3agG,4,21.5363,19.1871,0.2407
BuutUM87SY,4,33.877,33.2408,42.1308
6WXkZ0HB35,4,21.5363,19.1871,0.2407
A9uMF6z2KW,4,33.877,33.2408,42.1308
QkuM14Fwmr,4,-36.8738,-39.185,-0.0818
erTCq9bp9H,2,39.3822,NA,NA
tqUzvuTpCy,4,-29.6867,-26.7863,-29.2983
zwUUlCmArA,4,33.877,33.2408,42.1308
Gf4I1Smz3e,4,30.2132,49.8275,27.0755
JzksRi0w7W,4,-29.6867,-26.7863,-29.2983
GecmGutG0w,4,30.2132,49.8275,27.0755
C7d8GebAo2,4,-36.8738,-39.185,-0.0818
6AV8FBspU6,4,21.5363,19.1871,0.2407
cxbrSbEBjy,2,22.0981,NA,NA
Hg2ZQIU0WC,4,-29.6867,-26.7863,-29.2983
2rRSR82AXY,4,30.2132,49.8275,27.0755
29jwXdeCfe,4,11.4208,11.6978,-1.6536
YTCx0voQt3,4,-36.8738,-39.185,-0.0818
O0jR7S6hgM,2,-30.6713,NA,NA
nZ0jZyvnTv,4,30.2132,49.8275,27.0755
b0aJWGny8i,4,6.901,6.0024,14.2067
aTojWZ63aR,2,-30.6713,NA,NA
11kx7U1vbi,4,6.6664,35.2506,4.1819
gEHb3LhFkI,2,-30.6713,NA,NA
O59uFXT05R,4,21.5363,19.1871,0.2407
Rq3UgcNOJ7,2,-30.6713,NA,NA
T66FgULTJl,2,22.0981,NA,NA
VWq2KrW6uy,4,6.6664,35.2506,4.1819
z7JxFYGRAp,4,6.6664,35.2506,4.1819
IkdxmMnszt,4,-29.6867,-26.7863,-29.2983
PkTrRsB7wW,2,-30.6713,NA,NA
THcMJSlx0E,4,11.4208,11.6978,-1.6536
AsfBI5wE2S,4,21.5363,19.1871,0.2407
pwU1HQ9beZ,4,30.2132,49.8275,27.0755
9Lo6BqlbL0,2,22.0981,NA,NA
IDxB1LoeZX,4,21.5363,19.1871,0.2407
ou8Qi9RhO7,4,21.5363,19.1871,0.2407
mudVcC7zB7,4,11.4208,11.6978,-1.6536
IcC8B5zb5x,4,-29.6867,-26.7863,-29.2983
EbZVhnWVcd,2,39.3822,NA,NA
4M5gb3CZpB,4,11.4208,11.6978,-1.6536
EZoXyV2PxH,2,22.0981,NA,NA
4AUSECmjDS,4,21.5363,19.1871,0.2407
SmjJfs6Sgi,4,30.2132,49.8275,27.0755
KenCi1n6Nh,4,-36.8738,-39.185,-0.0818
ZQ1aOZEU4a,4,6.6664,35.2506,4.1819
S9fsxoBopA,4,-29.6867,-26.7863,-29.2983
0OVdsPuKEJ,4,21.5363,19.1871,0.2407
xSX0Wu798d,4,33.877,33.2408,42.1308
m8KIMcdELQ,4,-29.6867,-26.7863,-29.2983
mt66qh2gxs,4,21.5363,19.1871,0.2407
oto6u8JEy9,4,30.2132,49.8275,27.0755
hi7vMb241J,4,6.6664,35.2506,4.1819
SP1ulrzVk9,4,21.5363,19.1871,0.2407
2mOngtDZCJ,4,6.6664,35.2506,4.1819
b3hmpDyAM8,4,30.2132,49.8275,27.0755
UGEpmqtyOo,4,6.901,6.0024,14.2067
ACiIkV9EoH,4,6.901,6.0024,14.2067
3haZg7DWMj,4,21.5363,19.1871,0.2407
reFo6vaxhn,4,30.2132,49.8275,27.0755
KrvwoW7DBB,2,22.0981,NA,NA
9sJcPIgriQ,4,6.6664,35.2506,4.1819
sIiOE3av0l,4,6.901,6.0024,14.2067
v3Ck4y4A7s,4,33.877,33.2408,42.1308
RrILME99Gj,2,22.0981,NA,NA
iJTOnM06ba,4,-29.6867,-26.7863,-29.2983
sUe6a3GY3E,4,-29.6867,-26.7863,-29.2983
otfSSMGtfR,4,6.6664,35.2506,4.1819
YphKMAMnc7,4,11.4208,11.6978,-1.6536
XdoSEyBFJi,4,33.877,33.2408,42.1308
wI6s80lf3p,4,21.5363,19.1871,0.2407
hU4I29n5kM,2,39.3822,NA,NA
CPyrsG29Hm,2,-30.6713,NA,NA
lFXGVRmb6l,4,-29.6867,-26.7863,-29.2983
vyUlgYC0L1,4,-29.6867,-26.7863,-29.2983
VnvJtLjK9O,4,11.4208,11.6978,-1.6536
dyhxRnl8lZ,4,6.6664,35.2506,4.1819
sfS4r4Un8w,4,-29.6867,-26.7863,-29.2983
WBWt6xkJkP,2,22.0981,NA,NA
9WMIIvJaKu,4,30.2132,49.8275,27.0755
WvIEgfNkz0,2,39.3822,NA,NA
nRYKEzAidE,4,33.877,33.2408,42.1308
Jz3EBWZwzi,4,33.877,33.2408,42.1308
lOFJfOk03J,2,39.3822,NA,NA
YujESpHQAf,2,-30.6713,NA,NA
r2Bx57DxIn,2,39.3822,NA,NA
apQdVxJiVZ,2,39.3822,NA,NA
anv96AUhWh,4,11.4208,11.6978,-1.6536
kveAcnITgw,4,6.901,6.0024,14.2067
MAnJCLxCG8,4,33.877,33.2408,42.1308
SKBTXZXzlX,4,21.5363,19.1871,0.2407
xndqnVovpF,4,-36.8738,-39.185,-0.0818
rQZvnfU7xd,4,6.901,6.0024,14.2067
MLlC5GsBM3,4,-29.6867,-26.7863,-29.2983
wrsiEfu0NH,4,33.877,33.2408,42.1308
V1MfjXy8Eb,4,11.4208,11.6978,-1.6536
z9fP90vRzV,4,11.4208,11.6978,-1.6536
kE21ASbLYf,4,30.2132,49.8275,27.0755
l1Vi03rY3p,2,22.0981,NA,NA
4PrbBjbnS9,4,6.6664,35.2506,4.1819
8iJA0QEW5t,4,6.6664,35.2506,4.1819
9yXNbiEGZN,4,-29.6867,-26.7863,-29.2983
h27YPtl5Vv,4,-36.8738,-39.185,-0.0818
peR6dbpSJS,4,-29.6867,-26.7863,-29.2983
paKuP8wKgZ,4,11.4208,11.6978,-1.6536
PLaF8Mb9Kz,4,6.6664,35.2506,4.1819
M4PehWZC3P,4,21.5363,19.1871,0.2407
8ubJWasnJV,4,6.901,6.0024,14.2067
8Zl7W6FF9e,2,22.0981,NA,NA
Das542QQll,4,30.2132,49.8275,27.0755
7bISdrGeJg,2,22.0981,NA,NA
cHulPidy9m,4,11.4208,11.6978,-1.6536
AGpXsTr0Z0,4,6.6664,35.2506,4.1819
kwls5DMSx3,4,6.6664,35.2506,4.1819
BCnj537eek,4,-29.6867,-26.7863,-29.2983
Ph3voah7p2,4,6.6664,35.2506,4.1819
5Qehb34DIx,4,6.901,6.0024,14.2067
EQauEFeHEe,4,11.4208,11.6978,-1.6536
HdFsZZwnwc,4,30.2132,49.8275,27.0755
Kbsdjt8zxD,4,21.5363,19.1871,0.2407
b98CNDqyRJ,4,21.5363,19.1871,0.2407
9hcNAYxacZ,4,33.877,33.2408,42.1308
3x2XC5PsXk,4,-29.6867,-26.7863,-29.2983
08yl0ycVV6,4,6.6664,35.2506,4.1819
1jVvDEU84g,4,-36.8738,-39.185,-0.0818
KSB7Sd3c3w,4,11.4208,11.6978,-1.6536
zvyh4UCi1L,4,11.4208,11.6978,-1.6536
3Ef8HanTgD,4,-36.8738,-39.185,-0.0818
88U4g0VrvD,4,-36.8738,-39.185,-0.0818
6KMdQhn68X,2,39.3822,NA,NA
8mT2gGTxWr,4,-29.6867,-26.7863,-29.2983
KGsgv2dw2f,4,6.901,6.0024,14.2067
hH2sx5Mims,4,6.6664,35.2506,4.1819
mHX7NZhfD5,4,21.5363,19.1871,0.2407
F02ULSwfFE,2,39.3822,NA,NA
JuYM1DY7sd,4,30.2132,49.8275,27.0755
Pneut2kNru,2,39.3822,NA,NA
6UeU8heDdn,4,30.2132,49.8275,27.0755
JusjDTamRB,2,39.3822,NA,NA
BDNMcQTjA8,4,21.5363,19.1871,0.2407
juqBLswWhp,4,-29.6867,-26.7863,-29.2983
6YiGJukUQ1,4,-29.6867,-26.7863,-29.2983
FMKEbYVLkX,4,6.6664,35.2506,4.1819
kBAu6jUZs8,2,-30.6713,NA,NA
LobREdxe4Q,4,6.901,6.0024,14.2067
mfeyC4JuSW,2,39.3822,NA,NA
f6S7BlyMj7,4,11.4208,11.6978,-1.6536
2nxWDgmeEU,2,22.0981,NA,NA
ntA0Rec1Br,4,30.2132,49.8275,27.0755
kHdRRnNT9f,2,39.3822,NA,NA
oRY50oaaHu,4,11.4208,11.6978,-1.6536
4RBZj3aEeX,2,-30.6713,NA,NA
xkDu9FcRtL,4,11.4208,11.6978,-1.6536
px9l5vrGRW,4,6.901,6.0024,14.2067
8gSbeoDW1K,4,6.6664,35.2506,4.1819
kvhclu5uR9,4,6.6664,35.2506,4.1819
RGvXI2dZco,4,6.901,6.0024,14.2067
CMWBlOw0QN,4,21.5363,19.1871,0.2407
P8z1yZ0cdl,2,39.3822,NA,NA
1ZEWFzE6G8,4,6.6664,35.2506,4.1819
xSgZd8nf6l,4,21.5363,19.1871,0.2407
OSE2KQ9HuR,4,33.877,33.2408,42.1308
CLtGMNNg86,2,22.0981,NA,NA
8a0NJx4IWB,4,21.5363,19.1871,0.2407
HF3xPABUnn,4,11.4208,11.6978,-1.6536
CJIFeU7YxQ,4,-29.6867,-26.7863,-29.2983
TF21o9bFvv,4,33.877,33.2408,42.1308
MLu163pW98,4,-36.8738,-39.185,-0.0818
4H5AWr9NXB,4,30.2132,49.8275,27.0755
pWjsmyfsEb,2,22.0981,NA,NA
LYViW4LqcK,2,39.3822,NA,NA
riOPS5sEQu,4,-36.8738,-39.185,-0.0818
NV8vHt5Q8N,2,22.0981,NA,NA
9lZ9jXUJ3c,4,21.5363,19.1871,0.2407
xgvOQWR159,4,-29.6867,-26.7863,-29.2983
zhxXlMRKZI,2,-30.6713,NA,NA
0b1PmVPJ7E,4,-29.6867,-26.7863,-29.2983
JGYHFSScai,4,-36.8738,-39.185,-0.0818
elJtISk9jm,4,6.901,6.0024,14.2067
DPZB9JOxdw,2,39.3822,NA,NA
sMT2dIlUsL,4,30.2132,49.8275,27.0755
rwMkq27JO5,4,11.4208,11.6978,-1.6536
dzySi5dRt5,4,6.901,6.0024,14.2067
BrrETxjwiL,4,11.4208,11.6978,-1.6536
4nzrMrpOFK,4,21.5363,19.1871,0.2407
a0RGT5cvxH,4,21.5363,19.1871,0.2407
0bMzqiQekC,4,21.5363,19.1871,0.2407
Lb8bim6hlS,4,33.877,33.2408,42.1308
vfKpkBdRLH,4,-29.6867,-26.7863,-29.2983
v4spAIhCcD,2,-30.6713,NA,NA
PXz1s68MJr,4,21.5363,19.1871,0.2407
p7GMO0ry9j,4,-36.8738,-39.185,-0.0818
CRTkUcYUaM,4,6.901,6.0024,14.2067
pcij3G71hQ,4,21.5363,19.1871,0.2407
yrYP4HbRZ1,4,6.901,6.0024,14.2067
pqpaez2Smt,4,-29.6867,-26.7863,-29.2983
jNGH1LP3VT,4,-36.8738,-39.185,-0.0818
ozPUqnrsdV,4,6.6664,35.2506,4.1819
f6NJejdV5D,4,30.2132,49.8275,27.0755
EY20fmYn36,2,39.3822,NA,NA
JQrA0GOVl9,2,22.0981,NA,NA
RMpebA9tfh,4,11.4208,11.6978,-1.6536
meiqIlZhpq,2,-30.6713,NA,NA
TO08oYvDtI,4,33.877,33.2408,42.1308
4OK060DaCh,4,6.901,6.0024,14.2067
Axu6V1H7PN,2,-30.6713,NA,NA
lqi0SJO6Gb,4,-36.8738,-39.185,-0.0818
6n2yJxzS4G,4,30.2132,49.8275,27.0755
fnD0hLBNBJ,4,30.2132,49.8275,27.0755
E6V76rM3g0,4,33.877,33.2408,42.1308
PuHBT0aIy3,4,11.4208,11.6978,-1.6536
aC93mHkilO,4,-36.8738,-39.185,-0.0818
g9KrVEK8Dc,4,30.2132,49.8275,27.0755
D3kOIi9XdN,4,33.877,33.2408,42.1308
zebPD1U4Qb,2,39.3822,NA,NA
H1XchWQZ8S,2,22.0981,NA,NA
dkmdP8wIca,4,6.6664,35.2506,4.1819
OnQwwmCqH7,2,22.0981,NA,NA
KDm2Z0Hbtt,4,6.6664,35.2506,4.1819
Taq5T3EgfF,4,-29.6867,-26.7863,-29.2983
LC7MzyN3Mc,4,-36.8738,-39.185,-0.0818
HLsmeyQi75,4,6.901,6.0024,14.2067
45YVt6a1e7,4,33.877,33.2408,42.1308
AV3wKzIwWq,4,6.6664,35.2506,4.1819
m7azjpUvQg,4,6.901,6.0024,14.2067
utGSaM5nkg,4,30.2132,49.8275,27.0755
uDtjB7Xx4v,4,30.2132,49.8275,27.0755
WwPtTVdct5,2,22.0981,NA,NA
XNuRGEsWD4,2,22.0981,NA,NA
7Ix50cGDAq,4,33.877,33.2408,42.1308
kvBgCuRJ4L,4,6.6664,35.2506,4.1819
bCrc238qGF,2,39.3822,NA,NA
O8OjEqYUSR,4,-29.6867,-26.7863,-29.2983
oOMjssKtC5,4,6.6664,35.2506,4.1819
zdIQ3j051T,4,11.4208,11.6978,-1.6536
xdE5O9dNxt,4,11.4208,11.6978,-1.6536
Qk10ML78ON,2,-30.6713,NA,NA
pnEfw1KyYz,2,22.0981,NA,NA
PNLkKmH7TQ,4,6.901,6.0024,14.2067
iCXP1epI9G,4,30.2132,49.8275,27.0755
cO9Z5wpgUD,4,6.901,6.0024,14.2067
LBiAQAAn5f,2,39.3822,NA,NA
aSqeJt5LsW,4,30.2132,49.8275,27.0755
RF80nuSbTl,4,33.877,33.2408,42.1308
CZyyzDb0Md,2,-30.6713,NA,NA
AHoqUb7MnX,2,39.3822,NA,NA
5Nlh61Rpw9,4,-29.6867,-26.7863,-29.2983
xcOUT2ntr3,2,-30.6713,NA,NA
QLGuRUvNlh,2,22.0981,NA,NA
GNQLaHG2U2,2,-30.6713,NA,NA
2yYwDPdyqC,2,22.0981,NA,NA
Ec5iXV2Uhp,4,6.901,6.0024,14.2067
NwP7byRAET,4,33.877,33.2408,42.1308
SDOdkhX0oZ,4,-29.6867,-26.7863,-29.2983
2JIxT5s2iO,4,30.2132,49.8275,27.0755
6vmIY6jITA,4,-29.6867,-26.7863,-29.2983
Sqv3xzrgMj,4,21.5363,19.1871,0.2407
JKzmyAORo9,4,21.5363,19.1871,0.2407
REOJfPFzNJ,2,39.3822,NA,NA
hPkrCZW1RE,2,-30.6713,NA,NA
RqXRPYTGDt,4,-29.6867,-26.7863,-29.2983
41HN1vK4ql,4,33.877,33.2408,42.1308
vue1AmuqAZ,4,-29.6867,-26.7863,-29.2983
yGk2UfL1MH,4,-36.8738,-39.185,-0.0818
IcT9JtLSeJ,2,22.0981,NA,NA
bV2Hhau9gf,4,21.5363,19.1871,0.2407
B1E7KS2c4L,4,6.6664,35.2506,4.1819
dz3SeCG004,4,-29.6867,-26.7863,-29.2983
t5gDNKZ3Gd,4,-36.8738,-39.185,-0.0818
mYeCfkxlVk,4,33.877,33.2408,42.1308
3N9cxBylGG,2,22.0981,NA,NA
by1ovIYIR3,4,11.4208,11.6978,-1.6536
ZPX0TDnzyd,4,30.2132,49.8275,27.0755
d2ax38cwkt,4,33.877,33.2408,42.1308
rwUYkjlvn1,4,6.901,6.0024,14.2067
gQlm0FTNz5,4,6.6664,35.2506,4.1819
v2oNAKEmfs,2,-30.6713,NA,NA
P3n6GDUO5H,2,22.0981,NA,NA
OgpvK1vNht,4,33.877,33.2408,42.1308
pF701qOjZ8,4,6.901,6.0024,14.2067
uGt9oxpP91,4,33.877,33.2408,42.1308
MyQxdPJ2kU,2,39.3822,NA,NA
FI2bm7QpwP,4,-36.8738,-39.185,-0.0818
lHj9B18DMU,2,-30.6713,NA,NA
Wf1TbwOFpJ,2,39.3822,NA,NA
I3kSVCCd55,2,39.3822,NA,NA
HIcRpG3ouX,4,21.5363,19.1871,0.2407
hCugWfs37Y,4,6.6664,35.2506,4.1819
tWZ86NunnA,2,39.3822,NA,NA
XRvXoxZrI8,2,-30.6713,NA,NA
dgRNIpCndR,2,-30.6713,NA,NA
xHJobjhT5x,4,6.6664,35.2506,4.1819
j0ssNPSg8I,4,21.5363,19.1871,0.2407
UQrLHMymn3,4,30.2132,49.8275,27.0755
9wX3aGejD4,4,30.2132,49.8275,27.0755
Wdlj4Hz7kW,2,39.3822,NA,NA
76vK6LUpvm,4,11.4208,11.6978,-1.6536
u3s9ZP7Txp,4,21.5363,19.1871,0.2407
QYcx5FnSxe,2,-30.6713,NA,NA
VXhcugcqXd,4,11.4208,11.6978,-1.6536
9i0VLGnC1J,2,22.0981,NA,NA
fOEIwPQf85,4,11.4208,11.6978,-1.6536
9jURp0HCxN,4,33.877,33.2408,42.1308
EiJKUgoSxR,2,-30.6713,NA,NA
2tSuInOzBL,2,-30.6713,NA,NA
XJQScc3k0C,4,11.4208,11.6978,-1.6536
vhD5hnjIms,4,11.4208,11.6978,-1.6536
ZxVe0NV7ee,4,11.4208,11.6978,-1.6536
I3OcCQStR5,4,-36.8738,-39.185,-0.0818
G6pSyp87bz,4,-29.6867,-26.7863,-29.2983
boEeAThMLE,2,22.0981,NA,NA
RW7NJU2SPk,2,-30.6713,NA,NA
zdlk2giZlD,4,11.4208,11.6978,-1.6536
75VkAHZtJ6,4,33.877,33.2408,42.1308
zDHWthmoTv,4,6.6664,35.2506,4.1819
ScImV6Mpkl,4,-29.6867,-26.7863,-29.2983
ELWGnXcxHF,4,11.4208,11.6978,-1.6536
yQFDrM96ER,4,6.901,6.0024,14.2067
igt3v7EDiu,2,22.0981,NA,NA
XsZypOFYHO,2,-30.6713,NA,NA
pFVq9TutwF,2,22.0981,NA,NA
RNXXTMwZMe,4,21.5363,19.1871,0.2407
7Qucfec6KV,4,-29.6867,-26.7863,-29.2983
GGybuTRxSf,4,-29.6867,-26.7863,-29.2983
9DK2YhLnD0,4,-36.8738,-39.185,-0.0818
ybOZ3lBYI0,2,-30.6713,NA,NA
xW0Gzmx9la,4,6.6664,35.2506,4.1819
jj7RRb9N5K,4,6.901,6.0024,14.2067
13R15TJG2k,4,30.2132,49.8275,27.0755
9zZYysOA3Y,2,22.0981,NA,NA
TndXDyjJQt,4,33.877,33.2408,42.1308
aZnSjbHvPD,4,-29.6867,-26.7863,-29.2983
2byxUgbYmV,4,33.877,33.2408,42.1308
nrTYXG92bO,2,39.3822,NA,NA
ayVxq85iHC,2,22.0981,NA,NA
4WmTEWFk37,4,-29.6867,-26.7863,-29.2983
ElkDBxSKuU,4,6.901,6.0024,14.2067
lQtUKqFEIT,2,22.0981,NA,NA
CrmfhE2Z8D,4,-29.6867,-26.7863,-29.2983
xUxTjJ8VjG,4,-29.6867,-26.7863,-29.2983
WE73F9qDyB,4,30.2132,49.8275,27.0755
vLIINI2PHX,2,22.0981,NA,NA
cV5YxNiW3y,2,22.0981,NA,NA
bqLCh3zVI0,2,39.3822,NA,NA
QbRHcEBFw6,2,22.0981,NA,NA
2xsDDeEqQj,4,6.6664,35.2506,4.1819
NT5jEkN8e7,4,6.6664,35.2506,4.1819
GmUILshUMm,4,21.5363,19.1871,0.2407
tG49B6R0FS,2,39.3822,NA,NA
YvwW4HDmHc,4,-36.8738,-39.185,-0.0818
N3SSc9Sg3J,2,22.0981,NA,NA
PtlfjR0u9V,2,-30.6713,NA,NA
gb8SxNZisD,4,6.901,6.0024,14.2067
PF2LfpWZCd,4,6.6664,35.2506,4.1819
VjydEAYqdK,4,-29.6867,-26.7863,-29.2983
qq8TZ1qfjX,4,6.901,6.0024,14.2067
RZiD3ElAc2,2,-30.6713,NA,NA
mGIMBIxhpt,4,21.5363,19.1871,0.2407
